move,title,src,opener,gate_chance,gate_and,enabled_by,forbidden_by,family,family_name,valence_them,valence_us,needs_us,needs_them,rel_them_sees_us
SOCAdmitWorries,Admit Worries,interactions2.json,True,0.3,False,IsAgliophobic;IsCraven;IsFinicky;IsHonest;IsObservant;IsPessimist;IsQuitter;IsSelfish;IsTrusting,IsApathetic;IsArrogant;IsBrave;IsCruel;IsLiar;IsOblivious;IsOptimist;IsSelfless;IsShy;IsTreacherous,2,us:Intimacy- us:Privacy+,-15.0,-24.0,"{""Altruism"": 3.0, ""Autonomy"": -3.0, ""Contact"": -3.0, ""Esteem"": 3.0, ""Family"": -6.0, ""Intimacy"": -3.0, ""Meaning"": -3.0, ""Privacy"": 3.0, ""Security"": -3.0, ""SelfRespect"": -12.0}","{""Altruism"": -3.0, ""Autonomy"": 3.0, ""Contact"": -3.0, ""Esteem"": -6.0, ""Family"": -6.0, ""Intimacy"": -3.0, ""Privacy"": 6.0, ""SelfRespect"": -3.0}",
SOCAgreeDismissively,Agree Dismissively,interactions2.json,False,0.75,False,IsArrogant;IsCruel;IsHumorless;IsImpatient;IsPessimist;IsQuitter,IsCharismatic;IsGregarious;IsHumble;IsKind;IsOptimist;IsShy,0,them:Esteem+ them:SelfRespect+,24.0,3.0,"{""Achievement"": -3.0, ""Altruism"": 3.0, ""Autonomy"": -6.0, ""Family"": 3.0, ""Privacy"": 3.0, ""SelfRespect"": 3.0}","{""Autonomy"": 6.0, ""Contact"": 6.0, ""Esteem"": 3.0, ""Meaning"": 6.0, ""SelfRespect"": 3.0}",
SOCAskCareer,Ask About Skills,interactions2.json,True,1.0,False,,,2,us:Intimacy- us:Privacy+,-9.0,-6.0,"{""Contact"": -6.0, ""Family"": -3.0, ""Meaning"": -3.0, ""Privacy"": 6.0}","{""Contact"": -3.0, ""Esteem"": -6.0, ""Privacy"": 6.0, ""SelfRespect"": -6.0}",
SOCAskFamily,Ask About Family,interactions2.json,True,1.0,True,,,2,us:Intimacy- us:Privacy+,-12.0,-12.0,"{""Family"": -12.0, ""Intimacy"": -12.0, ""Privacy"": 12.0}","{""Family"": -12.0, ""Intimacy"": -12.0, ""Privacy"": 12.0}",
SOCAskFamilyAcceptChildren1,Talk About Having Children.,interactions2.json,False,1.0,False,,,2,us:Intimacy- us:Privacy+,0.0,0.0,"{""Intimacy"": -12.0, ""Privacy"": 12.0}","{""Intimacy"": -12.0, ""Privacy"": 12.0}",
SOCAskFamilyAcceptChildren2,Talk About Your Child.,interactions2.json,False,1.0,False,,,2,us:Intimacy- us:Privacy+,0.0,0.0,"{""Intimacy"": -12.0, ""Privacy"": 12.0}","{""Intimacy"": -12.0, ""Privacy"": 12.0}",
SOCAskFamilyAcceptChildren3,Talk About Your Child.,interactions2.json,False,1.0,False,,,2,us:Intimacy- us:Privacy+,0.0,0.0,"{""Intimacy"": -12.0, ""Privacy"": 12.0}","{""Intimacy"": -12.0, ""Privacy"": 12.0}",
SOCAskFamilyAcceptChildren4,Talk About Your Child.,interactions2.json,False,1.0,False,,,2,us:Intimacy- us:Privacy+,0.0,0.0,"{""Intimacy"": -12.0, ""Privacy"": 12.0}","{""Intimacy"": -12.0, ""Privacy"": 12.0}",
SOCAskFamilyAcceptParents1,Talk about parents.,interactions2.json,False,1.0,False,,,2,us:Intimacy- us:Privacy+,0.0,0.0,"{""Intimacy"": -12.0, ""Privacy"": 12.0}","{""Intimacy"": -12.0, ""Privacy"": 12.0}",
SOCAskFamilyAcceptParents2,Talk about father.,interactions2.json,False,1.0,False,,,2,us:Intimacy- us:Privacy+,0.0,0.0,"{""Intimacy"": -12.0, ""Privacy"": 12.0}","{""Intimacy"": -12.0, ""Privacy"": 12.0}",
SOCAskFamilyAcceptParents3,Talk about mother.,interactions2.json,False,1.0,False,,,2,us:Intimacy- us:Privacy+,0.0,0.0,"{""Intimacy"": -12.0, ""Privacy"": 12.0}","{""Intimacy"": -12.0, ""Privacy"": 12.0}",
SOCAskFamilyAcceptParents4,Talk about being alone.,interactions2.json,False,1.0,False,,,2,us:Intimacy- us:Privacy+,0.0,0.0,"{""Intimacy"": -12.0, ""Privacy"": 12.0}","{""Intimacy"": -12.0, ""Privacy"": 12.0}",
SOCAskFamilyAcceptParents5,Talk about being alone.,interactions2.json,False,1.0,False,,,2,us:Intimacy- us:Privacy+,0.0,0.0,"{""Intimacy"": -12.0, ""Privacy"": 12.0}","{""Intimacy"": -12.0, ""Privacy"": 12.0}",
SOCAskFamilyAcceptParents6,Talk about being alone.,interactions2.json,False,1.0,False,,,2,us:Intimacy- us:Privacy+,0.0,0.0,"{""Intimacy"": -12.0, ""Privacy"": 12.0}","{""Intimacy"": -12.0, ""Privacy"": 12.0}",
SOCAskFamilyAcceptParents7,Talk about being alone.,interactions2.json,False,1.0,False,,,2,us:Intimacy- us:Privacy+,0.0,0.0,"{""Intimacy"": -12.0, ""Privacy"": 12.0}","{""Intimacy"": -12.0, ""Privacy"": 12.0}",
SOCAskFamilyAcceptParents8,Talk about being alone.,interactions2.json,False,1.0,False,,,2,us:Intimacy- us:Privacy+,0.0,0.0,"{""Intimacy"": -12.0, ""Privacy"": 12.0}","{""Intimacy"": -12.0, ""Privacy"": 12.0}",
SOCAskFamilyAcceptSiblings1,Talk about having no siblings.,interactions2.json,False,1.0,False,,,2,us:Intimacy- us:Privacy+,0.0,0.0,"{""Intimacy"": -12.0, ""Privacy"": 12.0}","{""Intimacy"": -12.0, ""Privacy"": 12.0}",
SOCAskFamilyAcceptSiblings2,Talk about having many siblings.,interactions2.json,False,1.0,False,,,2,us:Intimacy- us:Privacy+,0.0,0.0,"{""Intimacy"": -12.0, ""Privacy"": 12.0}","{""Intimacy"": -12.0, ""Privacy"": 12.0}",
SOCAskFamilyAcceptSiblings3,Talk about being close with siblings.,interactions2.json,False,1.0,False,,,2,us:Intimacy- us:Privacy+,0.0,0.0,"{""Intimacy"": -12.0, ""Privacy"": 12.0}","{""Intimacy"": -12.0, ""Privacy"": 12.0}",
SOCAskFamilyAcceptSiblings4,Talk about being close with siblings.,interactions2.json,False,1.0,False,,,2,us:Intimacy- us:Privacy+,0.0,0.0,"{""Intimacy"": -12.0, ""Privacy"": 12.0}","{""Intimacy"": -12.0, ""Privacy"": 12.0}",
SOCAskFamilyAcceptSiblings5,Talk about being close with siblings.,interactions2.json,False,1.0,False,,,2,us:Intimacy- us:Privacy+,0.0,0.0,"{""Intimacy"": -12.0, ""Privacy"": 12.0}","{""Intimacy"": -12.0, ""Privacy"": 12.0}",
SOCAskFamilyDeny,Refuse to talk about it.,interactions2.json,False,,True,,,7,us:Privacy- them:Achievement+,0.0,0.0,"{""Privacy"": -6.0, ""Family"": 6.0}",{},
SOCAskHome,Ask About Home,interactions2.json,True,1.0,True,,,2,us:Intimacy- us:Privacy+,-12.0,-12.0,"{""Family"": -12.0, ""Intimacy"": -12.0, ""Privacy"": 12.0}","{""Family"": -12.0, ""Intimacy"": -12.0, ""Privacy"": 12.0}",
SOCAskHomeAcceptEarth,Say You Are From Earth,interactions2.json,False,1.0,False,,,-1,no-effect,0.0,0.0,{},{},
SOCAskHomeAcceptJupiter,Say You Are from Jupiter System,interactions2.json,False,1.0,False,,,-1,no-effect,0.0,0.0,{},{},
SOCAskHomeAcceptMars,Say You are From Mars,interactions2.json,False,1.0,False,,,-1,no-effect,0.0,0.0,{},{},
SOCAskHomeAcceptVenus,Say you are from Venus,interactions2.json,False,1.0,False,,,-1,no-effect,0.0,0.0,{},{},
SOCAskHomeDeny,Refuse to Talk About It.,interactions2.json,False,,True,,,-1,no-effect,0.0,0.0,{},{},
SOCAskHomeDetailEarth,Ask What Life is Like on Earth,interactions2.json,False,,True,,,-1,no-effect,0.0,0.0,{},{},
SOCAskHomeDetailEarthAccept1,Describe the Best Parts of Earth,interactions2.json,False,1.0,False,,,2,us:Intimacy- us:Privacy+,0.0,0.0,"{""Family"": -12.0, ""Privacy"": 12.0}",{},
SOCAskHomeDetailEarthAccept2,Describe the Worst Parts of Earth,interactions2.json,False,1.0,False,,,2,us:Intimacy- us:Privacy+,0.0,0.0,"{""Family"": -12.0, ""Privacy"": 12.0}",{},
SOCAskHomeDetailEarthAccept3,Share a Childhood Memory from Earth,interactions2.json,False,,True,,,-1,no-effect,0.0,0.0,{},{},
SOCAskHomeDetailJupiter,Ask What Region They are From,interactions2.json,False,,True,,,-1,no-effect,0.0,0.0,{},{},
SOCAskHomeDetailJupiterAcceptEuropa1,Talk About the Best Parts of Europa,interactions2.json,False,1.0,False,,,2,us:Intimacy- us:Privacy+,0.0,0.0,"{""Family"": -12.0, ""Privacy"": 12.0}",{},
SOCAskHomeDetailJupiterAcceptEuropa2,Talk About the Worst parts of Europa,interactions2.json,False,1.0,False,,,2,us:Intimacy- us:Privacy+,0.0,0.0,"{""Family"": -12.0, ""Privacy"": 12.0}",{},
SOCAskHomeDetailJupiterAcceptEuropa3,Describe a Memory From Europa,interactions2.json,False,,True,,,-1,no-effect,0.0,0.0,{},{},
SOCAskHomeDetailJupiterAcceptGanymede1,Describe the Best Parts of Ganymede,interactions2.json,False,1.0,False,,,2,us:Intimacy- us:Privacy+,0.0,0.0,"{""Family"": -12.0, ""Privacy"": 12.0}",{},
SOCAskHomeDetailJupiterAcceptGanymede2,Describe the Worst Parts of Ganymede,interactions2.json,False,1.0,False,,,2,us:Intimacy- us:Privacy+,0.0,0.0,"{""Family"": -12.0, ""Privacy"": 12.0}",{},
SOCAskHomeDetailJupiterAcceptGanymede3,Describe a Memory from Ganymede,interactions2.json,False,,True,,,-1,no-effect,0.0,0.0,{},{},
SOCAskHomeDetailMars,Ask What Life is Like on Mars,interactions2.json,False,,True,,,-1,no-effect,0.0,0.0,{},{},
SOCAskHomeDetailMarsAccept1,Describe Growing Up on Mars,interactions2.json,False,1.0,False,,,2,us:Intimacy- us:Privacy+,0.0,0.0,"{""Family"": -12.0, ""Privacy"": 12.0}",{},
SOCAskHomeDetailMarsAccept2,Describe the Worst Parts of Mars,interactions2.json,False,1.0,False,,,2,us:Intimacy- us:Privacy+,0.0,0.0,"{""Family"": -12.0, ""Privacy"": 12.0}",{},
SOCAskHomeDetailMarsAccept3,Describe a Memory from Mars,interactions2.json,False,,True,,,-1,no-effect,0.0,0.0,{},{},
SOCAskHomeDetailVenus,Ask What Life is Like on Venus,interactions2.json,False,,True,,,-1,no-effect,0.0,0.0,{},{},
SOCAskHomeDetailVenusAccept1,Describe Growing Up on Venus,interactions2.json,False,1.0,False,,,2,us:Intimacy- us:Privacy+,0.0,0.0,"{""Family"": -12.0, ""Privacy"": 12.0}",{},
SOCAskHomeDetailVenusAccept2,Describe the Worst Parts of Venus,interactions2.json,False,1.0,False,,,2,us:Intimacy- us:Privacy+,0.0,0.0,"{""Family"": -12.0, ""Privacy"": 12.0}",{},
SOCAskHomeDetailVenusAccept3,Describe a Memory from Venus,interactions2.json,False,,True,,,-1,no-effect,0.0,0.0,{},{},
SOCAskHowDoing,Ask How They Are,interactions_social_core.json,True,1.0,False,,,3,us:Altruism- them:Security-,0.0,0.0,"{""Achievement"": 6.0, ""Altruism"": -6.0}","{""Altruism"": 6.0, ""SelfRespect"": -6.0}",
SOCAskHug,Ask for Hug,interactions2.json,True,0.5,False,IsCraven;IsFollower;IsGregarious;IsHumble;IsKind;IsLustful;IsOblivious;IsOptimist;IsSelfish;IsTrusting,IsApathetic;IsArrogant;IsBrave;IsCruel;IsLeader;IsMasochist;IsPessimist;IsSelfless;IsShy;IsStubborn;IsTreacherous,2,us:Intimacy- us:Privacy+,-15.0,-18.0,"{""Contact"": -6.0, ""Family"": -6.0, ""Intimacy"": -3.0, ""Meaning"": -3.0, ""Privacy"": 3.0, ""Security"": -3.0}","{""Contact"": -3.0, ""Esteem"": -3.0, ""Family"": -6.0, ""Intimacy"": -6.0, ""Privacy"": 6.0, ""SelfRespect"": -3.0}",
SOCBackAwaySlow,Back Away Slowly,interactions2.json,False,0.75,False,,,0,them:Esteem+ them:SelfRespect+,21.0,6.0,"{""Altruism"": 6.0, ""Family"": 3.0, ""Intimacy"": 6.0, ""Privacy"": -3.0, ""Security"": -6.0}","{""Achievement"": 3.0, ""Altruism"": -3.0, ""Contact"": 3.0, ""Esteem"": 6.0, ""Family"": 6.0, ""SelfRespect"": 6.0}",
SOCBackOff,Back Off!,interactions2.json,False,1.0,False,,IsPushover,0,them:Esteem+ them:SelfRespect+,21.0,0.0,"{""Altruism"": 6.0, ""Autonomy"": -6.0, ""Family"": 3.0, ""Intimacy"": 3.0, ""Privacy"": -6.0}","{""Altruism"": -3.0, ""Esteem"": 6.0, ""Family"": 3.0, ""Privacy"": 3.0, ""Security"": 6.0, ""SelfRespect"": 6.0}",
SOCBadmouthEnemy,Badmouth Your Enemies,interactions2.json,True,1.0,True,,,8,them:Altruism+ us:SelfRespect-,-12.0,-12.0,"{""Esteem"": 12.0, ""SelfRespect"": -12.0, ""Family"": -12.0}","{""Altruism"": 12.0, ""SelfRespect"": -12.0, ""Family"": -12.0}",
SOCBadmouthEnemyAgree,Agree with Badmouth,interactions2.json,False,,True,,,1,us:Esteem- us:Meaning-,-24.0,-24.0,"{""Esteem"": -12.0, ""Family"": -12.0}","{""Esteem"": -12.0, ""Family"": -12.0}",
SOCBadmouthEnemyAskAbout,Ask About Who They are Badmouthing,interactions2.json,False,,True,,,8,them:Altruism+ us:SelfRespect-,-12.0,-18.0,"{""SelfRespect"": -12.0, ""Contact"": -6.0}","{""Altruism"": 12.0, ""SelfRespect"": -12.0, ""Family"": -12.0}",
SOCBadmouthEnemyAskAboutAnswerLiar,Label Your Enemy as a Liar,interactions2.json,False,,True,,,0,them:Esteem+ them:SelfRespect+,0.0,-12.0,"{""Altruism"": 12.0, ""SelfRespect"": -12.0, ""Meaning"": -12.0}",{},
SOCBadmouthEnemyAskAboutAnswerPredator,Label Your Enemy as a Predator,interactions2.json,False,,True,,,0,them:Esteem+ them:SelfRespect+,0.0,-12.0,"{""Altruism"": 12.0, ""SelfRespect"": -12.0, ""Meaning"": -12.0}",{},
SOCBadmouthEnemyAskAboutAnswerScold,Label Your Enemy as a Scold,interactions2.json,False,,True,,,0,them:Esteem+ them:SelfRespect+,0.0,-12.0,"{""Altruism"": 12.0, ""SelfRespect"": -12.0, ""Meaning"": -12.0}",{},
SOCBadmouthEnemyDisagree,Disagree with Badmouth,interactions2.json,False,,True,,,8,them:Altruism+ us:SelfRespect-,36.0,-12.0,"{""SelfRespect"": -24.0, ""Esteem"": 12.0}","{""Altruism"": 24.0, ""SelfRespect"": 12.0}",
SOCBawdyCommentaryMen,Muse About Attractive Men,interactions_relationships.json,True,1.0,True,,,2,us:Intimacy- us:Privacy+,0.0,3.0,"{""Intimacy"": -6.0, ""Achievement"": 6.0, ""Privacy"": 3.0}",{},
SOCBawdyCommentaryNB,Muse About Attractive People,interactions_relationships.json,True,1.0,True,,,2,us:Intimacy- us:Privacy+,0.0,3.0,"{""Intimacy"": -6.0, ""Achievement"": 6.0, ""Privacy"": 3.0}",{},
SOCBawdyCommentaryWomen,Muse About Attractive Women,interactions_relationships.json,True,1.0,True,,,2,us:Intimacy- us:Privacy+,0.0,3.0,"{""Intimacy"": -6.0, ""Achievement"": 6.0, ""Privacy"": 3.0}",{},
SOCBegMercy,Beg for Mercy,interactions_combat.json,False,1.0,True,,,3,us:Altruism- them:Security-,-6.0,12.0,"{""Autonomy"": 6.0, ""SelfRespect"": 6.0}","{""Security"": -6.0}",
SOCBlank,Continue,interactions.json,False,,True,,,-1,no-effect,0.0,0.0,{},{},
SOCBragToEnemy1,Brag About New Home,interactions2.json,False,,True,,,0,them:Esteem+ them:SelfRespect+,12.0,0.0,"{""Intimacy"": 6.0, ""Altruism"": 6.0, ""SelfRespect"": -12.0}","{""Esteem"": 12.0}",
SOCBragToEnemy2,Brag About New Job,interactions2.json,False,,True,,,1,us:Esteem- us:Meaning-,-6.0,-6.0,"{""Intimacy"": 6.0, ""Esteem"": -12.0}","{""Intimacy"": 6.0, ""Esteem"": -12.0}",
SOCBragToEnemy3,Brag About New Relationship,interactions2.json,False,,True,,,0,them:Esteem+ them:SelfRespect+,22.0,-6.0,"{""Altruism"": 6.0, ""Intimacy"": -12.0}","{""Esteem"": 16.0, ""Intimacy"": 6.0}",
SOCBragToEnemy4,Brag About New Ship,interactions2.json,False,,True,,,2,us:Intimacy- us:Privacy+,6.0,-6.0,"{""Esteem"": 6.0, ""Contact"": -12.0}","{""Meaning"": 6.0}",
SOCBreakUp,Sever Romantic Loop,interactions_relationships.json,True,1.0,True,,,-1,no-effect,0.0,0.0,{},{},RELPartnerEx
SOCBreakUpEasy,Sever Romantic Loop,interactions_relationships.json,True,1.0,True,,,-1,no-effect,0.0,0.0,{},{},RELPartnerEx
SOCBreakUpPlayer,Sever Romantic Loop,interactions_relationships.json,True,1.0,True,,,-1,no-effect,0.0,0.0,{},{},RELPartnerEx
SOCBreakoutBanter,Banter: Breakout,interactions2.json,True,0.8,False,IsCharismatic;IsGregarious;IsLeader,IsShy,2,us:Intimacy- us:Privacy+,-21.0,-18.0,"{""Contact"": -12.0, ""Family"": -6.0, ""Meaning"": -3.0, ""Privacy"": 3.0}","{""Contact"": -12.0, ""Esteem"": -6.0, ""Family"": -3.0, ""Privacy"": 3.0, ""SelfRespect"": -3.0}",
SOCBreakoutDidntCatchGame,Didn't Catch Game,interactions2.json,False,1.0,False,,,2,us:Intimacy- us:Privacy+,6.0,6.0,"{""Achievement"": 3.0, ""Contact"": -6.0, ""Esteem"": 3.0, ""Meaning"": 3.0, ""Privacy"": 3.0}","{""Achievement"": 3.0, ""Contact"": -6.0, ""Meaning"": 3.0, ""Privacy"": 3.0, ""SelfRespect"": 3.0}",
SOCBreakoutFumble,Pretend to Fumble.,interactions2.json,False,0.75,False,,,2,us:Intimacy- us:Privacy+,-21.0,-18.0,"{""Contact"": -12.0, ""Family"": -6.0, ""Meaning"": -3.0, ""Privacy"": 3.0}","{""Contact"": -12.0, ""Esteem"": -3.0, ""Family"": -6.0, ""Privacy"": 3.0, ""SelfRespect"": -3.0}",RELAcquaintanceChance
SOCBreakoutPretendCatch,Pretend to Catch,interactions2.json,False,0.75,False,,,2,us:Intimacy- us:Privacy+,-18.0,-18.0,"{""Contact"": -12.0, ""Family"": -6.0, ""SelfRespect"": -3.0, ""Privacy"": 3.0}","{""Contact"": -12.0, ""Esteem"": -3.0, ""Family"": -6.0, ""Privacy"": 3.0}",RELAcquaintanceChance
SOCBreakoutShootersSuck,Shooters suck. Go Warriors!,interactions2.json,False,0.75,False,,,2,us:Intimacy- us:Privacy+,-21.0,-18.0,"{""Contact"": -12.0, ""Family"": -6.0, ""Meaning"": -3.0, ""Privacy"": 3.0}","{""Contact"": -12.0, ""Esteem"": -3.0, ""Family"": -6.0}",RELAcquaintanceChance
SOCBreakoutThrowPass,Throw a Pass,interactions2.json,False,0.75,False,,,2,us:Intimacy- us:Privacy+,-27.0,-18.0,"{""Contact"": -12.0, ""Family"": -6.0, ""Meaning"": -3.0, ""Privacy"": 3.0}","{""Contact"": -12.0, ""Esteem"": -6.0, ""Family"": -3.0, ""Intimacy"": -3.0, ""Meaning"": -3.0, ""Privacy"": 3.0, ""SelfRespect"": -3.0}",RELAcquaintanceChance
SOCBreakoutWarriorsSuck,Warriors suck. Go Shooters!,interactions2.json,False,0.75,False,,,2,us:Intimacy- us:Privacy+,-18.0,-18.0,"{""Contact"": -12.0, ""Family"": -6.0, ""Meaning"": -3.0, ""Privacy"": 3.0}","{""Contact"": -12.0, ""Esteem"": -3.0, ""Family"": -6.0, ""Privacy"": 3.0}",RELAcquaintanceChance
SOCBrowseSocialApp,Browse Social App,interactions2.json,True,1.0,True,,,2,us:Intimacy- us:Privacy+,0.0,-12.0,"{""Contact"": -12.0, ""Esteem"": -3.0, ""Family"": -3.0, ""Privacy"": 6.0}",{},
SOCBullshitFine,Hit them with Bullshit Fine,interactions2.json,False,,True,,,-1,no-effect,0.0,0.0,{},{},
SOCBurstLaughing,Burst Out Laughing,interactions2.json,False,0.75,False,,IsApathetic;IsHumorless,2,us:Intimacy- us:Privacy+,-21.0,-15.0,"{""Contact"": -6.0, ""Meaning"": -3.0, ""Security"": -6.0}","{""Contact"": -6.0, ""Family"": -6.0, ""Intimacy"": -3.0, ""Security"": -6.0}",RELAcquaintanceChance
SOCCalmDown,Calm Down,interactions2.json,True,1.0,True,,,3,us:Altruism- them:Security-,-6.0,-18.0,"{""Achievement"": -3.0, ""Altruism"": -6.0, ""Autonomy"": -3.0, ""Contact"": -3.0, ""Esteem"": -3.0}","{""Autonomy"": 6.0, ""Contact"": -3.0, ""Esteem"": 3.0, ""Family"": -3.0, ""Privacy"": 3.0, ""Security"": -12.0}",
SOCChangeSubject,Change the Subject,interactions2.json,False,1.0,False,,,0,them:Esteem+ them:SelfRespect+,9.0,-6.0,"{""Autonomy"": -6.0}","{""Autonomy"": 6.0, ""SelfRespect"": 3.0}",
SOCCommiserate,Commiserate,interactions2.json,True,0.75,False,IsApathetic;IsHonest;IsOblivious;IsPessimist;IsQuitter;IsSelfish,IsLiar;IsOptimist;IsSelfless,1,us:Esteem- us:Meaning-,0.0,-12.0,"{""Contact"": -3.0, ""Meaning"": -6.0, ""Privacy"": -3.0}","{""Altruism"": -3.0, ""Autonomy"": 3.0, ""Family"": -3.0, ""Intimacy"": -3.0, ""Meaning"": 6.0}",RELAcquaintanceChance
SOCComplainAboutLAs,Complain About Authorities,interactions_social_core.json,True,1.0,False,,,5,us:Security+ them:Autonomy-,0.0,0.0,"{""Autonomy"": -6.0, ""Security"": 6.0}","{""Autonomy"": -6.0, ""Security"": 6.0}",
SOCComplainAboutWork,Complain About Work,interactions.json,True,1.0,False,,,5,us:Security+ them:Autonomy-,0.0,0.0,"{""Autonomy"": -6.0, ""Security"": 6.0}","{""Autonomy"": -6.0, ""Security"": 6.0}",
SOCCoverShift,Cover Shift,interactions2.json,False,0.5,False,IsKind;IsSelfless,IsApathetic;IsCruel;IsOblivious;IsSelfish,3,us:Altruism- them:Security-,-15.0,-27.0,"{""Achievement"": -6.0, ""Altruism"": -12.0, ""Esteem"": -3.0, ""Family"": -6.0}","{""Esteem"": -6.0, ""Family"": -12.0, ""SelfRespect"": 3.0}",
SOCCraftDarkJoke,Original Dark Joke,interactions2.json,True,0.4,False,IsComedian,IsHumorless,3,us:Altruism- them:Security-,-9.0,-12.0,"{""Achievement"": -3.0, ""Altruism"": -6.0, ""Contact"": -3.0, ""Intimacy"": 6.0, ""Meaning"": -6.0, ""Privacy"": 3.0, ""SelfRespect"": -3.0}","{""Contact"": -12.0, ""Intimacy"": 6.0, ""Meaning"": -3.0}",
SOCDarkJoke,Dark Joke,interactions2.json,True,0.75,False,,,1,us:Esteem- us:Meaning-,-15.0,-37.0,"{""Achievement"": -3.0, ""Altruism"": -6.0, ""Contact"": -3.0, ""Intimacy"": 6.0, ""Meaning"": -31.0, ""Privacy"": 3.0, ""SelfRespect"": -3.0}","{""Autonomy"": -3.0, ""Contact"": -12.0, ""Esteem"": -3.0, ""Intimacy"": 6.0, ""Meaning"": -3.0}",RELAcquaintanceChance
SOCDaydreamExLover,Daydream About Ex-Lover,interactions2.json,False,1.0,True,,,2,us:Intimacy- us:Privacy+,0.0,3.0,"{""Achievement"": 3.0, ""Contact"": 3.0, ""Family"": 3.0, ""Intimacy"": -6.0}",{},
SOCDaydreamExLoverNPC,Daydream About Ex-Lover,interactions2.json,False,1.0,True,,,2,us:Intimacy- us:Privacy+,0.0,3.0,"{""Achievement"": 3.0, ""Contact"": 3.0, ""Family"": 3.0, ""Intimacy"": -6.0}",{},
SOCDefy,Defy,interactions2.json,False,1.0,False,IsApathetic;IsArrogant;IsBrave;IsGregarious;IsStubborn,IsComplacent;IsCraven;IsFollower;IsLoyal;IsPushover;IsQuitter;IsShy,0,them:Esteem+ them:SelfRespect+,21.0,-28.0,"{""Autonomy"": -31.0, ""Contact"": -3.0, ""Esteem"": 6.0, ""SelfRespect"": -6.0, ""Security"": 6.0}","{""Contact"": -3.0, ""Esteem"": 12.0, ""Family"": 6.0, ""Security"": 3.0, ""SelfRespect"": 3.0}",
SOCDisembarkCommand,Order Off-Ship,interactions2.json,False,1.0,True,,,-1,no-effect,0.0,0.0,{},{},
SOCDisembarkCommandAllow,Agree to Disembark,interactions2.json,False,1.0,True,,,-1,no-effect,0.0,0.0,{},{},
SOCDisembarkCommandFail,Refuse to Disembark,interactions2.json,False,1.0,True,,,-1,no-effect,0.0,0.0,{},{},
SOCDisembarkCommandNPCFail,Order Off-Ship,interactions2.json,False,1.0,True,,,-1,no-effect,0.0,0.0,{},{},
SOCDisembarkCommandStop,Cancel Order Off-Ship,interactions2.json,False,1.0,True,,,-1,no-effect,0.0,0.0,{},{},
SOCDisembarkCommandStopAllow,Agree to stop disembarking,interactions2.json,False,1.0,True,,,-1,no-effect,0.0,0.0,{},{},
SOCDoSuperstition,Do Superstition,interactions2.json,False,0.7,False,IsAgliophobic;IsAmbitious;IsApathetic;IsCraven;IsDiligent;IsFinicky;IsFollower;IsLoyal;IsOblivious;IsObservant;IsObtuse;IsPessimist;IsPushover;IsTrusting,IsComplacent;IsGenius;IsMasochist;IsOptimist,3,us:Altruism- them:Security-,-18.0,3.0,"{""Autonomy"": 6.0, ""Meaning"": -6.0, ""Privacy"": 3.0, ""Security"": -6.0, ""SelfRespect"": 3.0, ""Weird"": 3.0}","{""Achievement"": -6.0, ""Family"": -3.0, ""Meaning"": -6.0, ""Security"": -6.0, ""Weird"": 3.0}",RELAcquaintanceChance
SOCDontWorry,Don't Worry,interactions2.json,False,0.6,False,IsCharismatic;IsGenius;IsGregarious;IsHumble;IsKind;IsObservant;IsOptimist;IsPatient;IsSelfless,IsArrogant;IsCruel;IsImpatient;IsOblivious;IsPessimist;IsQuitter;IsRepulsive;IsSelfish;IsTreacherous,3,us:Altruism- them:Security-,-21.0,-18.0,"{""Altruism"": -6.0, ""Esteem"": -6.0, ""Intimacy"": -3.0, ""Meaning"": -3.0, ""Privacy"": 3.0, ""SelfRespect"": -3.0}","{""Esteem"": -3.0, ""Family"": -6.0, ""SelfRespect"": -12.0}",RELAcquaintanceChance
SOCEmbarkCommand,Order Return to Ship,interactions2.json,False,1.0,True,,,-1,no-effect,0.0,0.0,{},{},
SOCEmbarkCommandAllow,Agree to Embark,interactions2.json,False,1.0,True,,,-1,no-effect,0.0,0.0,{},{},
SOCEmbarkCommandStop,Cancel Order Return Ship,interactions2.json,False,1.0,True,,,-1,no-effect,0.0,0.0,{},{},
SOCEmbarkCommandStopAllow,Agree to stop embarking,interactions2.json,False,1.0,True,,,-1,no-effect,0.0,0.0,{},{},
SOCEmergStepAside,Step Aside,interactions2.json,False,0.8,False,IsAgliophobic;IsApathetic;IsComplacent;IsCraven;IsFollower;IsHumble;IsObservant;IsPushover;IsQuitter;IsShy;IsTrusting,IsAmbitious;IsArrogant;IsLeader;IsOblivious;IsStubborn,3,us:Altruism- them:Security-,-21.0,-6.0,"{""Achievement"": -6.0, ""Altruism"": -6.0, ""Autonomy"": 6.0}","{""Autonomy"": -6.0, ""Esteem"": -6.0, ""Meaning"": -6.0, ""SelfRespect"": -3.0}",
SOCEncourage,Encourage,interactions2.json,True,1.0,False,IsCharismatic;IsGregarious;IsKind;IsLeader;IsObservant;IsOptimist;IsPatient,IsApathetic;IsCruel;IsOblivious;IsPessimist;IsRepulsive;IsTreacherous,3,us:Altruism- them:Security-,-21.0,-9.0,"{""Achievement"": -6.0, ""Altruism"": -6.0, ""Privacy"": 6.0, ""SelfRespect"": -3.0}","{""Altruism"": 3.0, ""Contact"": -3.0, ""Esteem"": -6.0, ""Family"": -3.0, ""SelfRespect"": -12.0}",RELAcquaintanceChance
SOCFashionNoPants,No pants?,interactions2.json,True,1.0,True,,,0,them:Esteem+ them:SelfRespect+,27.0,-21.0,"{""Contact"": -3.0, ""Esteem"": -12.0, ""SelfRespect"": -9.0, ""Altruism"": 3.0}","{""Contact"": -3.0, ""Esteem"": 12.0, ""Privacy"": 12.0, ""SelfRespect"": 6.0}",
SOCFashionNotClean,Criticize Poor Hygiene,interactions2.json,True,1.0,False,,IsKind;IsSlovenly,0,them:Esteem+ them:SelfRespect+,27.0,-21.0,"{""Contact"": -3.0, ""Esteem"": -12.0, ""SelfRespect"": -9.0, ""Altruism"": 3.0}","{""Contact"": -3.0, ""Esteem"": 12.0, ""Privacy"": 12.0, ""SelfRespect"": 6.0}",
SOCFireCrew,Fire Crewmember,interactions2.json,False,1.0,True,,,-1,no-effect,0.0,0.0,{},{},RELSOCHireQuitsThem
SOCFishCompliment,Fish for Compliment,interactions2.json,True,1.0,False,,IsApathetic;IsHumble;IsTemperate,8,them:Altruism+ us:SelfRespect-,22.0,12.0,"{""Altruism"": 6.0, ""Autonomy"": -3.0, ""Esteem"": 6.0, ""SelfRespect"": 3.0}","{""Altruism"": 31.0, ""Autonomy"": 3.0, ""Contact"": -3.0, ""Esteem"": -6.0, ""Family"": -3.0, ""Intimacy"": -3.0, ""Privacy"": 6.0, ""SelfRespect"": -3.0}",
SOCFlirtContinue,Flirt Back,interactions_relationships.json,False,0.75,False,,IsChaste;IsCraven;IsFollower;IsPessimist;IsQuitter;IsShy,-1,no-effect,0.0,0.0,{},{},
SOCFlirtContinueAllow,Flirt Reply,interactions2.json,False,,True,,,2,us:Intimacy- us:Privacy+,-19.0,-16.0,"{""Contact"": -6.0, ""Intimacy"": -12.0, ""Privacy"": 3.0, ""_Lonesome"": -1.0}","{""Esteem"": -6.0, ""Intimacy"": -12.0, ""Privacy"": 3.0, ""SelfRespect"": -3.0, ""_Lonesome"": -1.0}",RELAcquaintanceChance
SOCFlirtContinueDeny,Won't Flirt,interactions_relationships.json,False,,True,,,-1,no-effect,0.0,0.0,{},{},
SOCFlirtContinueMan,Flirt Back,interactions_relationships.json,False,1.0,False,,IsApathetic;IsChaste;IsComplacent;IsCraven;IsShy,2,us:Intimacy- us:Privacy+,0.0,-9.0,"{""Contact"": -3.0, ""Intimacy"": -6.0}",{},
SOCFlirtContinueManPlayer,Flirt Back,interactions_relationships.json,True,1.0,False,,IsApathetic;IsChaste;IsComplacent;IsCraven;IsShy,2,us:Intimacy- us:Privacy+,0.0,-16.0,"{""Contact"": -6.0, ""Intimacy"": -12.0, ""Privacy"": 3.0, ""_Lonesome"": -1.0}",{},
SOCFlirtContinueNB,Flirt Back,interactions_relationships.json,False,1.0,False,,IsApathetic;IsChaste;IsComplacent;IsCraven;IsShy,2,us:Intimacy- us:Privacy+,0.0,-9.0,"{""Contact"": -3.0, ""Intimacy"": -6.0}",{},
SOCFlirtContinueNBPlayer,Flirt Back,interactions_relationships.json,True,1.0,False,,IsApathetic;IsChaste;IsComplacent;IsCraven;IsShy,2,us:Intimacy- us:Privacy+,0.0,-16.0,"{""Contact"": -6.0, ""Intimacy"": -12.0, ""Privacy"": 3.0, ""_Lonesome"": -1.0}",{},
SOCFlirtContinuePlayerAllow,Flirt Reply,interactions2.json,False,,True,,,2,us:Intimacy- us:Privacy+,-19.0,-16.0,"{""Contact"": -6.0, ""Intimacy"": -12.0, ""Privacy"": 3.0, ""_Lonesome"": -1.0}","{""Esteem"": -6.0, ""Intimacy"": -12.0, ""Privacy"": 3.0, ""SelfRespect"": -3.0, ""_Lonesome"": -1.0}",RELAcquaintanceChance
SOCFlirtContinueWoman,Flirt Back,interactions_relationships.json,False,1.0,False,,IsApathetic;IsChaste;IsComplacent;IsCraven;IsShy,2,us:Intimacy- us:Privacy+,0.0,-9.0,"{""Contact"": -3.0, ""Intimacy"": -6.0}",{},
SOCFlirtContinueWomanPlayer,Flirt Back,interactions_relationships.json,True,1.0,False,,IsApathetic;IsChaste;IsComplacent;IsCraven;IsShy,2,us:Intimacy- us:Privacy+,0.0,-16.0,"{""Contact"": -6.0, ""Intimacy"": -12.0, ""Privacy"": 3.0, ""_Lonesome"": -1.0}",{},
SOCFlirtDenyMen,Not Interested in Men,interactions_relationships.json,False,1.0,True,,,-1,no-effect,0.0,0.0,{},{},
SOCFlirtDenyNB,Not Interested in Non-Binary People,interactions_relationships.json,False,1.0,True,,,-1,no-effect,0.0,0.0,{},{},
SOCFlirtDenyWomen,Not Interested in Women,interactions_relationships.json,False,1.0,True,,,-1,no-effect,0.0,0.0,{},{},
SOCFlirtStart,Flirt,interactions_relationships.json,True,0.75,False,IsAmbitious;IsArrogant;IsBrave;IsCharismatic;IsGregarious;IsLeader;IsLustful;IsOptimist;IsRepulsive,IsApathetic;IsChaste;IsComplacent;IsCraven;IsPessimist;IsShy,-1,no-effect,0.0,0.0,{},{},
SOCFlirtStartAllow,Flirt,interactions2.json,True,1.0,True,,,2,us:Intimacy- us:Privacy+,-4.0,9.0,"{""Intimacy"": 3.0, ""Privacy"": 6.0}","{""Contact"": -3.0, ""Esteem"": -3.0, ""Privacy"": 6.0, ""SelfRespect"": -3.0, ""_Lonesome"": -1.0}",RELAcquaintanceChance
SOCFlirtStartDeny,Won't Flirt,interactions_relationships.json,False,,True,,,-1,no-effect,0.0,0.0,{},{},
SOCFlirtStartMan,Flirt,interactions_relationships.json,True,1.0,False,,,2,us:Intimacy- us:Privacy+,0.0,-9.0,"{""Contact"": -3.0, ""Intimacy"": -6.0}",{},
SOCFlirtStartManPlayer,Flirt,interactions_relationships.json,True,1.0,False,,,2,us:Intimacy- us:Privacy+,0.0,-9.0,"{""Contact"": -3.0, ""Intimacy"": -6.0}",{},
SOCFlirtStartNB,Flirt,interactions_relationships.json,True,1.0,False,,,2,us:Intimacy- us:Privacy+,0.0,-9.0,"{""Contact"": -3.0, ""Intimacy"": -6.0}",{},
SOCFlirtStartNBPlayer,Flirt,interactions_relationships.json,True,1.0,False,,,2,us:Intimacy- us:Privacy+,0.0,-9.0,"{""Contact"": -3.0, ""Intimacy"": -6.0}",{},
SOCFlirtStartPlayerAllow,Flirt,interactions2.json,True,1.0,True,,,2,us:Intimacy- us:Privacy+,-4.0,9.0,"{""Intimacy"": 3.0, ""Privacy"": 6.0}","{""Contact"": -3.0, ""Esteem"": -3.0, ""Privacy"": 6.0, ""SelfRespect"": -3.0, ""_Lonesome"": -1.0}",RELAcquaintanceChance
SOCFlirtStartWoman,Flirt,interactions_relationships.json,True,1.0,False,,,2,us:Intimacy- us:Privacy+,0.0,-9.0,"{""Contact"": -3.0, ""Intimacy"": -6.0}",{},
SOCFlirtStartWomanPlayer,Flirt,interactions_relationships.json,True,1.0,False,,,2,us:Intimacy- us:Privacy+,0.0,-9.0,"{""Contact"": -3.0, ""Intimacy"": -6.0}",{},
SOCFollowCommand,Follow Me,interactions2.json,False,1.0,True,,,-1,no-effect,0.0,0.0,{},{},
SOCFollowCommandAllow,Agree to follow,interactions2.json,False,1.0,True,,,-1,no-effect,0.0,0.0,{},{},
SOCFollowCommandStop,Stop Following Me,interactions2.json,False,1.0,True,,,-1,no-effect,0.0,0.0,{},{},
SOCFollowCommandStopAllow,Agree to stop following,interactions2.json,False,1.0,True,,,-1,no-effect,0.0,0.0,{},{},
SOCFollowCommandStopSelf,Stop Following,interactions2.json,False,1.0,True,,,-1,no-effect,0.0,0.0,{},{},
SOCFollowCommandStopSelfAllow,Agree to stop following,interactions2.json,False,1.0,True,,,-1,no-effect,0.0,0.0,{},{},
SOCGagShiver,Gag and Shiver,interactions2.json,False,0.75,False,IsArrogant;IsChaste;IsCruel;IsFinicky;IsOblivious;IsRepulsive;IsTreacherous;IsVengeful,IsCharismatic;IsForgiving;IsHumble;IsKind;IsLustful;IsShy,0,them:Esteem+ them:SelfRespect+,31.0,3.0,"{""Altruism"": 6.0, ""Autonomy"": -6.0, ""Privacy"": 6.0, ""SelfRespect"": -3.0}","{""Contact"": -3.0, ""Esteem"": 12.0, ""Family"": 3.0, ""Meaning"": 3.0, ""Intimacy"": 6.0, ""Privacy"": 3.0, ""SelfRespect"": 6.0, ""_Lonesome"": 1.0}",
SOCGasp,Gasp,interactions2.json,False,0.8,False,IsAgliophobic;IsCraven;IsHumorless;IsKind;IsPessimist,IsApathetic;IsBrave;IsComedian;IsCruel;IsFollower;IsOblivious;IsOptimist;IsTreacherous,4,us:Meaning+ them:Meaning+,18.0,21.0,"{""Autonomy"": 3.0, ""Contact"": 6.0, ""Meaning"": 6.0, ""Security"": 3.0, ""SelfRespect"": 3.0}","{""Achievement"": 6.0, ""Esteem"": 6.0, ""Meaning"": 6.0}",
SOCGiveUp,Give Up,interactions2.json,False,0.75,False,IsApathetic;IsComplacent;IsCraven;IsFollower;IsHumble;IsImpatient;IsPushover;IsQuitter,IsAmbitious;IsArrogant;IsDiligent;IsFinicky;IsPatient;IsStubborn,3,us:Altruism- them:Security-,-24.0,24.0,"{""Achievement"": 6.0, ""Autonomy"": 6.0, ""Esteem"": 3.0, ""Family"": 3.0, ""Meaning"": 6.0}","{""Achievement"": -6.0, ""Altruism"": 3.0, ""Autonomy"": -6.0, ""Esteem"": -3.0, ""Meaning"": -3.0, ""Security"": -3.0, ""SelfRespect"": -6.0}",
SOCGreetAI,Start Conversation,interactions_social_relationships.json,True,1.0,True,,,-1,no-effect,0.0,0.0,{},{},
SOCGreetCaptain,Greet Captain,interactions_social_relationships.json,False,1.0,True,,,-1,no-effect,0.0,0.0,{},{},
SOCGreetEnemy,Greet Enemy,interactions_social_relationships.json,False,1.0,True,,,-1,no-effect,0.0,0.0,{},{},
SOCGreetFriend,"""Long Time No See!""",interactions_social_relationships.json,False,1.0,True,,,-1,no-effect,0.0,0.0,{},{},
SOCHire2,Subject: Hire as Crew,interactions2.json,False,1.0,True,,,-1,no-effect,0.0,0.0,{},{},
SOCHire2Allow,Agree to Talk Jobs,interactions2.json,False,1.0,True,,,-1,no-effect,0.0,0.0,{},{},
SOCHire2Basic,Basic Job Offer,interactions2.json,False,1.0,True,,,-1,no-effect,0.0,0.0,{},{},
SOCHire2BasicAllow,Agree to Job,interactions2.json,False,1.0,False,,,0,them:Esteem+ them:SelfRespect+,-6.0,-24.0,"{""Autonomy"": -6.0, ""Esteem"": -6.0, ""Security"": -6.0, ""SelfRespect"": -6.0}","{""Family"": -3.0, ""Esteem"": -3.0}",RELSOCHireAllowThem
SOCHire2BonusAdd,Add $1000 Sign-on Bonus,interactions2.json,False,,True,,,3,us:Altruism- them:Security-,-9.0,-6.0,"{""Altruism"": -6.0}","{""Autonomy"": -6.0, ""SelfRespect"": -3.0}",
SOCHire2BonusSub,Subtract $1000 Sign-on Bonus,interactions2.json,False,,True,,,0,them:Esteem+ them:SelfRespect+,9.0,6.0,"{""Altruism"": 6.0}","{""Autonomy"": 6.0, ""SelfRespect"": 3.0}",
SOCHire2DeathPayAdd,Increase Death Pay,interactions2.json,False,,True,,,3,us:Altruism- them:Security-,-9.0,-6.0,"{""Altruism"": -6.0}","{""Security"": -6.0, ""Autonomy"": -3.0}",
SOCHire2DeathPaySub,Decrease Death Pay,interactions2.json,False,,True,,,0,them:Esteem+ them:SelfRespect+,9.0,6.0,"{""Altruism"": 6.0}","{""Security"": 6.0, ""Autonomy"": 3.0}",
SOCHire2Deny,Decline to Talk Jobs,interactions2.json,False,1.0,True,,,-1,no-effect,0.0,0.0,{},{},
SOCHire2DenyAcquaint,Decline Job,interactions2.json,False,1.0,True,,,-1,no-effect,0.0,0.0,{},{},
SOCHire2DenyAutonomy,Decline Job (Autonomy),interactions2.json,False,1.0,False,,,0,them:Esteem+ them:SelfRespect+,36.0,-12.0,"{""Autonomy"": 12.0, ""Esteem"": -24.0}","{""Family"": 12.0, ""Esteem"": 24.0}",
SOCHire2DenyAutonomyMinor,Decline Job Minor (Autonomy),interactions2.json,False,1.0,False,,,0,them:Esteem+ them:SelfRespect+,36.0,-6.0,"{""Autonomy"": 6.0, ""Esteem"": -12.0}","{""Family"": 12.0, ""Esteem"": 24.0}",
SOCHire2DenyEsteem,Decline Job (Esteem),interactions2.json,False,1.0,False,,,0,them:Esteem+ them:SelfRespect+,36.0,-12.0,"{""Esteem"": 12.0, ""SelfRespect"": -24.0}","{""Family"": 12.0, ""Esteem"": 24.0}",
SOCHire2DenyEsteemMinor,Decline Job Minor (Esteem),interactions2.json,False,1.0,False,,,0,them:Esteem+ them:SelfRespect+,18.0,-6.0,"{""Esteem"": 6.0, ""SelfRespect"": -12.0}","{""Family"": 6.0, ""Esteem"": 12.0}",
SOCHire2DenySecurity,Decline Job (Security),interactions2.json,False,1.0,False,,,0,them:Esteem+ them:SelfRespect+,36.0,-12.0,"{""Security"": 12.0, ""Autonomy"": -24.0}","{""Family"": 12.0, ""Esteem"": 24.0}",
SOCHire2DenySecurityMinor,Decline Job Minor (Security),interactions2.json,False,1.0,False,,,0,them:Esteem+ them:SelfRespect+,18.0,-6.0,"{""Security"": 6.0, ""Autonomy"": -12.0}","{""Family"": 6.0, ""Esteem"": 12.0}",
SOCHire2DenySelfRespect,Decline Job (Self Respect),interactions2.json,False,1.0,False,,,0,them:Esteem+ them:SelfRespect+,36.0,-12.0,"{""SelfRespect"": 12.0, ""Security"": -24.0}","{""Family"": 12.0, ""Esteem"": 24.0}",
SOCHire2DenySelfRespectMinor,Decline Job Minor (Self Respect),interactions2.json,False,1.0,False,,,0,them:Esteem+ them:SelfRespect+,18.0,-6.0,"{""SelfRespect"": 6.0, ""Security"": -12.0}","{""Family"": 6.0, ""Esteem"": 12.0}",
SOCHire2FFDiscount,Ask for Friends & Family Discount,interactions2.json,False,1.0,False,IsAmbitious;IsArrogant;IsLoyal;IsRepulsive;IsSelfish;IsTreacherous;IsTrusting,IsFollower;IsHumble;IsPushover;IsSelfless;IsShy,0,them:Esteem+ them:SelfRespect+,12.0,12.0,"{""Altruism"": 6.0, ""Family"": 6.0}","{""Altruism"": 6.0, ""Family"": 6.0}",
SOCHire2FFDiscountAllow,Agree to F&F Discount,interactions2.json,False,1.0,False,IsApathetic;IsComplacent;IsHumble;IsKind;IsLoyal;IsPushover;IsSelfless;IsShy;IsTrusting,IsAmbitious;IsArrogant;IsCraven;IsFollower;IsForgiving;IsSelfish;IsStubborn,3,us:Altruism- them:Security-,-9.0,-18.0,"{""Altruism"": -12.0, ""Esteem"": 6.0, ""Family"": -12.0}","{""Altruism"": 6.0, ""Esteem"": -3.0, ""Family"": -12.0}",
SOCHire2Intimidate,Intimidating Job Offer,interactions2.json,False,0.75,False,IsStrong;IsTough,IsApathetic;IsCraven;IsFeeble;IsFragile;IsKind;IsPushover;IsShy,0,them:Esteem+ them:SelfRespect+,24.0,-27.0,"{""Autonomy"": -3.0, ""Esteem"": -3.0, ""Meaning"": -3.0, ""Security"": -12.0, ""SelfRespect"": -6.0}","{""Autonomy"": 6.0, ""Privacy"": 3.0, ""Security"": 12.0, ""SelfRespect"": 3.0}",
SOCHire2IntimidateAllow,Agree to Job,interactions2.json,False,1.0,False,IsCraven;IsPushover,,3,us:Altruism- them:Security-,-27.0,-24.0,"{""Esteem"": -6.0, ""Family"": -6.0, ""Security"": -12.0}","{""Achievement"": -3.0, ""Esteem"": -12.0, ""Security"": -6.0, ""SelfRespect"": -6.0}",RELSOCHireAllowThem
SOCHire2SalaryAdd,Add $25 Salary,interactions2.json,False,,True,,,3,us:Altruism- them:Security-,-18.0,-6.0,"{""Altruism"": -6.0}","{""Esteem"": -12.0, ""SelfRespect"": -6.0}",
SOCHire2SalarySub,Subtract $25 Salary,interactions2.json,False,,True,,,0,them:Esteem+ them:SelfRespect+,18.0,6.0,"{""Altruism"": 6.0}","{""Esteem"": 12.0, ""SelfRespect"": 6.0}",
SOCHireFire,Fire Them,interactions2.json,False,1.0,True,,,-1,no-effect,0.0,0.0,{},{},RELSOCHireFireThem
SOCHireQuitAutonomy,Quit Job (Autonomy),interactions2.json,False,,True,,,-1,no-effect,0.0,0.0,{},{},
SOCHireQuitEsteem,Quit Job (Esteem),interactions2.json,False,,True,,,-1,no-effect,0.0,0.0,{},{},
SOCHireQuitSecurity,Quit Job (Security),interactions2.json,False,,True,,,-1,no-effect,0.0,0.0,{},{},
SOCHireQuitSelfRespect,Quit Job (SelfWorth),interactions2.json,False,,True,,,-1,no-effect,0.0,0.0,{},{},
SOCHireQuits,Quit Job,interactions2.json,False,,True,,,0,them:Esteem+ them:SelfRespect+,9.0,9.0,"{""Altruism"": 3.0, ""Autonomy"": -3.0, ""Contact"": 3.0, ""Family"": 3.0, ""Intimacy"": 3.0}","{""Altruism"": 3.0, ""Autonomy"": -3.0, ""Contact"": 3.0, ""Family"": 3.0, ""Intimacy"": 3.0}",RELSOCHireQuitsThem
SOCHireQuitsGlad,Quit Job,interactions2.json,False,,True,,,0,them:Esteem+ them:SelfRespect+,9.0,9.0,"{""Altruism"": 3.0, ""Autonomy"": -3.0, ""Contact"": 3.0, ""Family"": 3.0, ""Intimacy"": 3.0}","{""Altruism"": 3.0, ""Autonomy"": -3.0, ""Contact"": 3.0, ""Family"": 3.0, ""Intimacy"": 3.0}",RELSOCHireQuitsThem
SOCHireQuitsMad,Quit Job,interactions2.json,False,,True,,,0,them:Esteem+ them:SelfRespect+,9.0,9.0,"{""Altruism"": 3.0, ""Autonomy"": -3.0, ""Contact"": 3.0, ""Family"": 3.0, ""Intimacy"": 3.0}","{""Altruism"": 3.0, ""Autonomy"": -3.0, ""Contact"": 3.0, ""Family"": 3.0, ""Intimacy"": 3.0}",RELSOCHireQuitsThem
SOCHireQuitsStays,Remain on Crew,interactions2.json,False,1.0,False,,,0,them:Esteem+ them:SelfRespect+,9.0,9.0,"{""Altruism"": 3.0, ""Autonomy"": -3.0, ""Contact"": 3.0, ""Family"": 3.0, ""Intimacy"": 3.0}","{""Altruism"": 3.0, ""Autonomy"": -3.0, ""Contact"": 3.0, ""Family"": 3.0, ""Intimacy"": 3.0}",
SOCHireQuitsStaysResponsibility,Accept New Responsibilities,interactions2.json,False,1.0,False,,,0,them:Esteem+ them:SelfRespect+,9.0,9.0,"{""Altruism"": 3.0, ""Autonomy"": -3.0, ""Contact"": 3.0, ""Family"": 3.0, ""Intimacy"": 3.0}","{""Altruism"": 3.0, ""Autonomy"": -3.0, ""Contact"": 3.0, ""Family"": 3.0, ""Intimacy"": 3.0}",
SOCHireQuitsStaysThreat,Remain on Crew out of Fear,interactions2.json,False,1.0,False,,,0,them:Esteem+ them:SelfRespect+,9.0,9.0,"{""Altruism"": 3.0, ""Autonomy"": -3.0, ""Contact"": 3.0, ""Family"": 3.0, ""Intimacy"": 3.0}","{""Altruism"": 3.0, ""Autonomy"": -3.0, ""Contact"": 3.0, ""Family"": 3.0, ""Intimacy"": 3.0}",
SOCHoneypotCombatStart,Begin Romantic Entrapment,interactions_honeypot.json,False,1.0,True,,,-1,no-effect,0.0,0.0,{},{},
SOCHoneypotDance,Dance,interactions_honeypot.json,False,1.0,True,,,2,us:Intimacy- us:Privacy+,-12.0,0.0,{},"{""Intimacy"": -12.0, ""Meaning"": -6.0, ""Privacy"": 6.0, ""Autonomy"": 6.0, ""Contact"": -6.0}",
SOCHoneypotDemonstrateVulnerability,Demonstrate Vulnerability,interactions_honeypot.json,False,1.0,True,,,2,us:Intimacy- us:Privacy+,-12.0,0.0,{},"{""Intimacy"": -24.0, ""Security"": 12.0}",
SOCHoneypotMirrorBehavior,Mirror Their Mannerisms,interactions_honeypot.json,False,1.0,True,,,3,us:Altruism- them:Security-,-12.0,0.0,{},"{""SelfRespect"": -24.0, ""Privacy"": 12.0}",
SOCHoneypotPrivacyFail,Tell Them You Need Space,interactions_honeypot.json,False,1.0,False,,,0,them:Esteem+ them:SelfRespect+,48.0,-48.0,"{""Privacy"": -48.0}","{""Esteem"": 48.0}",
SOCHoneypotSecurityFail,Air Your Suspicions,interactions_honeypot.json,False,1.0,False,,,0,them:Esteem+ them:SelfRespect+,48.0,-48.0,"{""Security"": -48.0}","{""Esteem"": 48.0}",
SOCHoneypotSong,Sing for Them,interactions_honeypot.json,False,1.0,True,,,2,us:Intimacy- us:Privacy+,-12.0,0.0,{},"{""Intimacy"": -12.0, ""Contact"": -12.0, ""Esteem"": 6.0, ""Privacy"": 6.0}",
SOCInspirePurpose,Inspire with Purpose,interactions2.json,True,1.0,False,IsCharismatic;IsKind;IsLeader;IsObservant;IsOptimist;IsPatient,IsApathetic;IsArrogant;IsCruel;IsImpatient;IsOblivious;IsPessimist;IsQuitter,3,us:Altruism- them:Security-,-37.0,-27.0,"{""Achievement"": -6.0, ""Altruism"": -12.0, ""Meaning"": -6.0, ""SelfRespect"": -3.0}","{""Esteem"": -3.0, ""Family"": -3.0, ""Meaning"": -31.0}",RELAcquaintanceChance
SOCInsult,Insult,interactions2.json,True,0.75,False,IsAmbitious;IsArrogant;IsComedian;IsCruel;IsRepulsive;IsTreacherous;IsVengeful,IsApathetic;IsCharismatic;IsComplacent;IsForgiving;IsHumble;IsKind;IsShy,0,them:Esteem+ them:SelfRespect+,46.0,-21.0,"{""Achievement"": -3.0, ""Altruism"": 6.0, ""Autonomy"": -12.0, ""SelfRespect"": -12.0}","{""Contact"": 3.0, ""Esteem"": 6.0, ""Family"": 3.0, ""Privacy"": 3.0, ""SelfRespect"": 31.0}",
SOCInsult2,Craft a Savage Insult,interactions2.json,True,0.75,False,IsAmbitious;IsArrogant;IsComedian;IsCruel;IsRepulsive;IsTreacherous;IsVengeful,IsApathetic;IsCharismatic;IsComplacent;IsForgiving;IsHumble;IsKind;IsShy,0,them:Esteem+ them:SelfRespect+,46.0,-21.0,"{""Achievement"": -3.0, ""Altruism"": 6.0, ""Autonomy"": -12.0, ""SelfRespect"": -12.0}","{""Contact"": 3.0, ""Esteem"": 6.0, ""Family"": 3.0, ""Privacy"": 3.0, ""SelfRespect"": 31.0}",
SOCInsult2LEO,Craft a Savage Insult,interactions2.json,False,1.0,False,IsAmbitious;IsArrogant;IsComedian;IsCruel;IsRepulsive;IsTreacherous;IsVengeful,IsApathetic;IsCharismatic;IsComplacent;IsForgiving;IsHumble;IsKind;IsShy,0,them:Esteem+ them:SelfRespect+,46.0,-21.0,"{""Achievement"": -3.0, ""Altruism"": 6.0, ""Autonomy"": -12.0, ""SelfRespect"": -12.0}","{""Contact"": 3.0, ""Esteem"": 6.0, ""Family"": 3.0, ""Privacy"": 3.0, ""SelfRespect"": 31.0}",
SOCInsultEnemy,Demonstrate Contempt,interactions2.json,True,1.0,True,,,0,them:Esteem+ them:SelfRespect+,18.0,0.0,"{""Intimacy"": 6.0, ""Altruism"": 6.0, ""SelfRespect"": -12.0}","{""Altruism"": 6.0, ""Esteem"": 12.0}",
SOCInsultLEO,Chasten,interactions2.json,False,1.0,False,IsAmbitious;IsArrogant;IsComedian;IsCruel;IsRepulsive;IsTreacherous;IsVengeful,IsApathetic;IsCharismatic;IsComplacent;IsForgiving;IsHumble;IsKind;IsShy,0,them:Esteem+ them:SelfRespect+,46.0,-21.0,"{""Achievement"": -3.0, ""Altruism"": 6.0, ""Autonomy"": -12.0, ""SelfRespect"": -12.0}","{""Contact"": 3.0, ""Esteem"": 6.0, ""Family"": 3.0, ""Privacy"": 3.0, ""SelfRespect"": 31.0}",
SOCIntimidate,Intimidate,interactions2.json,True,0.75,False,IsStrong;IsTough,IsApathetic;IsCraven;IsFeeble;IsFragile;IsKind;IsPushover;IsShy,0,them:Esteem+ them:SelfRespect+,24.0,-27.0,"{""Autonomy"": -3.0, ""Esteem"": -3.0, ""Meaning"": -3.0, ""Security"": -12.0, ""SelfRespect"": -6.0}","{""Autonomy"": 6.0, ""Privacy"": 3.0, ""Security"": 12.0, ""SelfRespect"": 3.0}",
SOCIntimidate2LEO,Threaten Jail Time,interactions2.json,False,1.0,True,,,0,them:Esteem+ them:SelfRespect+,24.0,-27.0,"{""Autonomy"": -3.0, ""Esteem"": -3.0, ""Meaning"": -3.0, ""Security"": -12.0, ""SelfRespect"": -6.0}","{""Autonomy"": 6.0, ""Privacy"": 3.0, ""Security"": 12.0, ""SelfRespect"": 3.0}",
SOCIntimidateLEO,Intimidate,interactions2.json,False,1.0,False,IsStrong;IsTough,IsApathetic;IsCraven;IsFeeble;IsFragile;IsKind;IsPushover;IsShy,0,them:Esteem+ them:SelfRespect+,24.0,-27.0,"{""Autonomy"": -3.0, ""Esteem"": -3.0, ""Meaning"": -3.0, ""Security"": -12.0, ""SelfRespect"": -6.0}","{""Autonomy"": 6.0, ""Privacy"": 3.0, ""Security"": 12.0, ""SelfRespect"": 3.0}",
SOCInviteDrinkAllow,Invite for Drink,interactions2.json,False,,True,,,2,us:Intimacy- us:Privacy+,-14.0,0.0,{},"{""Contact"": -3.0, ""Esteem"": -3.0, ""Intimacy"": -6.0, ""Privacy"": 6.0, ""SelfRespect"": -6.0, ""_Lonesome"": -2.0}",
SOCInviteDrinkMan,Invite for Drink,interactions_relationships.json,True,0.5,False,,IsTemperate,2,us:Intimacy- us:Privacy+,0.0,0.0,"{""Achievement"": -3.0, ""Autonomy"": -3.0, ""Contact"": -6.0, ""Esteem"": 3.0, ""Intimacy"": 3.0, ""Meaning"": -3.0, ""Privacy"": 6.0, ""SelfRespect"": 3.0}",{},
SOCInviteDrinkNB,Invite for Drink,interactions_relationships.json,True,0.5,False,,IsTemperate,2,us:Intimacy- us:Privacy+,0.0,0.0,"{""Achievement"": -3.0, ""Autonomy"": -3.0, ""Contact"": -6.0, ""Esteem"": 3.0, ""Intimacy"": 3.0, ""Meaning"": -3.0, ""Privacy"": 6.0, ""SelfRespect"": 3.0}",{},
SOCInviteDrinkWoman,Invite for Drink,interactions_relationships.json,True,0.5,False,,IsTemperate,2,us:Intimacy- us:Privacy+,0.0,0.0,"{""Achievement"": -3.0, ""Autonomy"": -3.0, ""Contact"": -6.0, ""Esteem"": 3.0, ""Intimacy"": 3.0, ""Meaning"": -3.0, ""Privacy"": 6.0, ""SelfRespect"": 3.0}",{},
SOCInviteToLoopAIPolyMan,Invite to Romantic Loop,interactions_relationships.json,True,1.0,True,,,-1,no-effect,0.0,0.0,{},{},
SOCInviteToLoopAIPolyNB,Invite to Romantic Loop,interactions_relationships.json,True,1.0,True,,,-1,no-effect,0.0,0.0,{},{},
SOCInviteToLoopAIPolyWoman,Invite to Romantic Loop,interactions_relationships.json,True,1.0,True,,,-1,no-effect,0.0,0.0,{},{},
SOCInviteToLoopAcceptMan,Seal Romantic Loop,interactions_relationships.json,False,1.0,True,,,-1,no-effect,0.0,0.0,{},{},RELPartner
SOCInviteToLoopAcceptManAI,Seal Romantic Loop,interactions_relationships.json,False,1.0,True,,,-1,no-effect,0.0,0.0,{},{},RELPartner
SOCInviteToLoopAcceptMonoMan,Seal Romantic Loop,interactions_relationships.json,False,1.0,True,,,-1,no-effect,0.0,0.0,{},{},RELPartner
SOCInviteToLoopAcceptMonoManCheck,Clarify Monogamous Expectations,interactions_relationships.json,False,1.0,True,,,-1,no-effect,0.0,0.0,{},{},
SOCInviteToLoopAcceptMonoNB,Seal Romantic Loop,interactions_relationships.json,False,1.0,True,,,-1,no-effect,0.0,0.0,{},{},RELPartner
SOCInviteToLoopAcceptMonoNBCheck,Clarify Monogamous Expectations,interactions_relationships.json,False,1.0,True,,,-1,no-effect,0.0,0.0,{},{},
SOCInviteToLoopAcceptMonoWoman,Seal Romantic Loop,interactions_relationships.json,False,1.0,True,,,-1,no-effect,0.0,0.0,{},{},RELPartner
SOCInviteToLoopAcceptMonoWomanCheck,Clarify Monogamous Expectations,interactions_relationships.json,False,1.0,True,,,-1,no-effect,0.0,0.0,{},{},
SOCInviteToLoopAcceptNB,Seal Romantic Loop,interactions_relationships.json,False,1.0,True,,,-1,no-effect,0.0,0.0,{},{},RELPartner
SOCInviteToLoopAcceptNBAI,Seal Romantic Loop,interactions_relationships.json,False,1.0,True,,,-1,no-effect,0.0,0.0,{},{},RELPartner
SOCInviteToLoopAcceptNotMono,Seal Romantic Loop,interactions_relationships.json,False,1.0,True,,,-1,no-effect,0.0,0.0,{},{},RELPartner
SOCInviteToLoopAcceptWoman,Seal Romantic Loop,interactions_relationships.json,False,1.0,True,,,-1,no-effect,0.0,0.0,{},{},RELPartner
SOCInviteToLoopAcceptWomanAI,Seal Romantic Loop,interactions_relationships.json,False,1.0,True,,,-1,no-effect,0.0,0.0,{},{},RELPartner
SOCInviteToLoopDeny,Reject Romantic Loop,interactions_relationships.json,False,,True,,,-1,no-effect,0.0,0.0,{},{},
SOCInviteToLoopDenyMan,Not Interested in Men,interactions_relationships.json,False,1.0,True,,,-1,no-effect,0.0,0.0,{},{},
SOCInviteToLoopDenyMonoNotSingle,Reject Romantic Loop,interactions_relationships.json,False,1.0,True,,,-1,no-effect,0.0,0.0,{},{},
SOCInviteToLoopDenyNB,Not Interested in Non-Binary People,interactions_relationships.json,False,1.0,True,,,-1,no-effect,0.0,0.0,{},{},
SOCInviteToLoopDenyRepeat,Reject Romantic Loop,interactions_relationships.json,False,1.0,True,,,-1,no-effect,0.0,0.0,{},{},
SOCInviteToLoopDenyWoman,Not Interested in Women,interactions_relationships.json,False,1.0,True,,,-1,no-effect,0.0,0.0,{},{},
SOCInviteToLoopForceLover,Force Them to see Us as Crush,interactions_relationships.json,False,,True,,,2,us:Intimacy- us:Privacy+,-150.0,0.0,{},"{""Intimacy"": -150.0}",
SOCInviteToLoopForceLoverAllow,Force Them to see Us as Crush,interactions_relationships.json,False,,True,,,2,us:Intimacy- us:Privacy+,-150.0,0.0,{},"{""Intimacy"": -150.0}",
SOCInviteToLoopForceLoverEx,Force Ex-Crush,interactions_relationships.json,False,,True,,,0,them:Esteem+ them:SelfRespect+,250.0,0.0,{},"{""Intimacy"": 250.0}",
SOCInviteToLoopForceLoverExAllow,Force Ex-Crush,interactions_relationships.json,False,,True,,,0,them:Esteem+ them:SelfRespect+,250.0,0.0,{},"{""Intimacy"": 250.0}",
SOCInviteToLoopForceLoverExUs,Consider Them Ex-Crush,interactions_relationships.json,False,,True,,,-1,no-effect,0.0,0.0,{},{},
SOCInviteToLoopForceLoverUs,Consider Them a Crush,interactions_relationships.json,False,,True,,,-1,no-effect,0.0,0.0,{},{},
SOCInviteToLoopForcePartner,Force Partnership,interactions_relationships.json,False,,True,,,-1,no-effect,0.0,0.0,{},{},RELPartner
SOCInviteToLoopMan,Invite to Romantic Loop,interactions_relationships.json,True,1.0,True,,,-1,no-effect,0.0,0.0,{},{},
SOCInviteToLoopMonoMan,Invite to Romantic Loop,interactions_relationships.json,True,1.0,True,,,-1,no-effect,0.0,0.0,{},{},
SOCInviteToLoopMonoNB,Invite to Romantic Loop,interactions_relationships.json,True,1.0,True,,,-1,no-effect,0.0,0.0,{},{},
SOCInviteToLoopMonoWoman,Invite to Romantic Loop,interactions_relationships.json,True,1.0,True,,,-1,no-effect,0.0,0.0,{},{},
SOCInviteToLoopNB,Invite to Romantic Loop,interactions_relationships.json,True,1.0,True,,,-1,no-effect,0.0,0.0,{},{},
SOCInviteToLoopWoman,Invite to Romantic Loop,interactions_relationships.json,True,1.0,True,,,-1,no-effect,0.0,0.0,{},{},
SOCJealousAboutAffection,Confront Jealously,interactions_relationships.json,True,,True,,,0,them:Esteem+ them:SelfRespect+,46.0,-21.0,"{""Achievement"": -3.0, ""Altruism"": 6.0, ""Autonomy"": -12.0, ""SelfRespect"": -12.0}","{""Contact"": 3.0, ""Esteem"": 6.0, ""Family"": 3.0, ""Privacy"": 3.0, ""SelfRespect"": 31.0}",
SOCJealousAboutPartner,Confront Jealously,interactions_relationships.json,True,,True,,,0,them:Esteem+ them:SelfRespect+,46.0,-21.0,"{""Achievement"": -3.0, ""Altruism"": 6.0, ""Autonomy"": -12.0, ""SelfRespect"": -12.0}","{""Contact"": 3.0, ""Esteem"": 6.0, ""Family"": 3.0, ""Privacy"": 3.0, ""SelfRespect"": 31.0}",
SOCJealousTowardPartner,Confront Jealously,interactions_relationships.json,False,,True,,,0,them:Esteem+ them:SelfRespect+,46.0,-21.0,"{""Achievement"": -3.0, ""Altruism"": 6.0, ""Autonomy"": -12.0, ""SelfRespect"": -12.0}","{""Contact"": 3.0, ""Esteem"": 6.0, ""Family"": 3.0, ""Privacy"": 3.0, ""SelfRespect"": 31.0}",
SOCKiss,Kiss,interactions_social_relationships.json,False,1.0,True,,,2,us:Intimacy- us:Privacy+,0.0,-9.0,"{""Contact"": -3.0, ""Intimacy"": -12.0, ""Privacy"": 6.0}",{},
SOCLaughCallous,Callous Laughter,interactions2.json,False,0.3,False,IsAmbitious;IsArrogant;IsComedian;IsCruel;IsRepulsive;IsTreacherous;IsVengeful,IsApathetic;IsCharismatic;IsComplacent;IsForgiving;IsHumble;IsKind;IsShy,0,them:Esteem+ them:SelfRespect+,21.0,0.0,"{""Altruism"": 6.0, ""Autonomy"": -3.0, ""Esteem"": -3.0, ""Family"": 6.0, ""SelfRespect"": -6.0}","{""Esteem"": 6.0, ""Family"": 6.0, ""Privacy"": 3.0, ""SelfRespect"": 6.0}",
SOCLeadTheWayAllow,Lead the Way,interactions2.json,False,,True,,,2,us:Intimacy- us:Privacy+,-21.0,0.0,{},"{""Contact"": -6.0, ""Esteem"": -3.0, ""Intimacy"": -9.0, ""Meaning"": -3.0, ""Privacy"": 6.0, ""SelfRespect"": -3.0, ""_Lonesome"": -3.0}",
SOCLeadTheWayEnthusedAllow,Lead the Way,interactions2.json,False,,True,,,2,us:Intimacy- us:Privacy+,-36.0,0.0,{},"{""Contact"": -3.0, ""Esteem"": -12.0, ""Intimacy"": -18.0, ""_Lonesome"": -3.0}",RELAcquaintanceChance
SOCLeadTheWayEnthusedMan,Lead the Way,interactions_relationships.json,False,0.75,False,,IsChaste;IsCraven;IsFollower;IsPessimist;IsQuitter;IsShy;IsTemperate,2,us:Intimacy- us:Privacy+,0.0,-3.0,"{""Esteem"": 12.0, ""Intimacy"": -12.0, ""_Lonesome"": -3.0}",{},
SOCLeadTheWayEnthusedNB,Lead the Way,interactions_relationships.json,False,0.75,False,,IsChaste;IsCraven;IsFollower;IsPessimist;IsQuitter;IsShy;IsTemperate,2,us:Intimacy- us:Privacy+,0.0,-3.0,"{""Esteem"": 12.0, ""Intimacy"": -12.0, ""_Lonesome"": -3.0}",{},
SOCLeadTheWayEnthusedWoman,Lead the Way,interactions_relationships.json,False,0.75,False,,IsChaste;IsCraven;IsFollower;IsPessimist;IsQuitter;IsShy;IsTemperate,2,us:Intimacy- us:Privacy+,0.0,-3.0,"{""Esteem"": 12.0, ""Intimacy"": -12.0, ""_Lonesome"": -3.0}",{},
SOCLeadTheWayMan,Lead the Way,interactions_relationships.json,False,0.5,False,,IsTemperate,2,us:Intimacy- us:Privacy+,0.0,-13.0,"{""Autonomy"": -3.0, ""Contact"": -6.0, ""Esteem"": -3.0, ""Intimacy"": -6.0, ""Meaning"": -3.0, ""Privacy"": 6.0, ""SelfRespect"": 3.0, ""_Lonesome"": -1.0}",{},
SOCLeadTheWayNB,Lead the Way,interactions_relationships.json,False,0.5,False,,IsTemperate,2,us:Intimacy- us:Privacy+,0.0,-13.0,"{""Autonomy"": -3.0, ""Contact"": -6.0, ""Esteem"": -3.0, ""Intimacy"": -6.0, ""Meaning"": -3.0, ""Privacy"": 6.0, ""SelfRespect"": 3.0, ""_Lonesome"": -1.0}",{},
SOCLeadTheWayWoman,Lead the Way,interactions_relationships.json,False,0.5,False,,IsTemperate,2,us:Intimacy- us:Privacy+,0.0,-13.0,"{""Autonomy"": -3.0, ""Contact"": -6.0, ""Esteem"": -3.0, ""Intimacy"": -6.0, ""Meaning"": -3.0, ""Privacy"": 6.0, ""SelfRespect"": 3.0, ""_Lonesome"": -1.0}",{},
SOCLightTouch,Lightly Touch,interactions_social_core.json,True,1.0,False,,,2,us:Intimacy- us:Privacy+,0.0,0.0,"{""Intimacy"": -6.0, ""Privacy"": 6.0}","{""Intimacy"": -6.0, ""Privacy"": 6.0}",
SOCListenIntently,Listen,interactions2.json,False,0.8,False,IsDiligent;IsFollower;IsGregarious;IsHumble;IsKind;IsLeader;IsObservant;IsPatient;IsPushover;IsSelfless,IsApathetic;IsImpatient;IsOblivious;IsObtuse;IsSelfish,2,us:Intimacy- us:Privacy+,-21.0,-9.0,"{""Contact"": -12.0, ""Family"": -3.0, ""Privacy"": 6.0}","{""Contact"": -12.0, ""Esteem"": -3.0, ""Family"": -3.0, ""Privacy"": 3.0, ""SelfRespect"": -6.0}",RELAcquaintanceChance
SOCLookAtUs,Look at Us,interactions_social_core.json,True,1.0,False,,,4,us:Meaning+ them:Meaning+,0.0,0.0,"{""Family"": -6.0, ""Meaning"": 6.0}","{""Family"": -6.0, ""Meaning"": 6.0}",
SOCLookBusy,Look Busy,interactions_social_core.json,True,1.0,False,,,6,us:Achievement- us:Meaning+,0.0,0.0,"{""Achievement"": -6.0, ""Altruism"": 6.0}","{""Achievement"": 6.0, ""Esteem"": -6.0}",
SOCLostInThought,Lost In Thought,interactions2.json,False,1.0,True,,,4,us:Meaning+ them:Meaning+,0.0,33.0,"{""Achievement"": 3.0, ""Altruism"": 3.0, ""Autonomy"": 3.0, ""Contact"": 3.0, ""Esteem"": 3.0, ""Family"": 3.0, ""Intimacy"": 3.0, ""Meaning"": 3.0, ""Privacy"": 3.0, ""Security"": 3.0, ""SelfRespect"": 3.0}",{},
SOCMentionHeadline,Mention Headline,interactions_social_core.json,True,1.0,False,,,0,them:Esteem+ them:SelfRespect+,0.0,0.0,"{""Contact"": 6.0, ""SelfRespect"": -6.0}","{""Achievement"": -6.0, ""Contact"": 6.0}",
SOCMetaphysicalQuandary,Metaphysical Quandary,interactions_social_core.json,True,1.0,False,,,1,us:Esteem- us:Meaning-,0.0,0.0,"{""Autonomy"": 6.0, ""Meaning"": -6.0}","{""Autonomy"": 6.0, ""Meaning"": -6.0}",
SOCMildFunny,Mildly Funny Comment,interactions_social_core.json,True,1.0,False,,,1,us:Esteem- us:Meaning-,0.0,0.0,"{""Esteem"": -6.0, ""Intimacy"": 6.0}","{""Privacy"": -6.0, ""SelfRespect"": 6.0}",
SOCNameDropCrim,Name Drop Your Criminal Contact,interactions2.json,True,1.0,True,,,1,us:Esteem- us:Meaning-,12.0,12.0,"{""Autonomy"": 12.0}","{""Autonomy"": 12.0}",
SOCNameDropLEO,Name Drop Your Law Enforcement Contact,interactions2.json,True,1.0,True,,,0,them:Esteem+ them:SelfRespect+,48.0,12.0,"{""Autonomy"": 12.0}","{""Security"": 24.0, ""Autonomy"": 12.0, ""Privacy"": 12.0}",
SOCNameDropManager,Name Drop Your Corporate Manager Contact,interactions2.json,True,1.0,True,,,0,them:Esteem+ them:SelfRespect+,48.0,12.0,"{""Autonomy"": 12.0}","{""Security"": 24.0, ""Meaning"": 12.0, ""Privacy"": 12.0}",
SOCNoThanks,No Thanks,interactions2.json,False,1.0,False,,,0,them:Esteem+ them:SelfRespect+,22.0,-12.0,"{""Altruism"": 3.0, ""Autonomy"": -6.0, ""Esteem"": -3.0, ""Privacy"": -3.0, ""SelfRespect"": -3.0}","{""Esteem"": 6.0, ""Family"": 3.0, ""Intimacy"": 6.0, ""SelfRespect"": 6.0, ""_Lonesome"": 1.0}",
SOCNoThanksNotInterestedMen,Not Interested in Men,interactions2.json,False,1.0,True,,,0,them:Esteem+ them:SelfRespect+,22.0,-12.0,"{""Altruism"": 3.0, ""Autonomy"": -6.0, ""Esteem"": -3.0, ""Privacy"": -3.0, ""SelfRespect"": -3.0}","{""Esteem"": 6.0, ""Family"": 3.0, ""Intimacy"": 6.0, ""SelfRespect"": 6.0, ""_Lonesome"": 1.0}",
SOCNodAndBreathe,Nod,interactions2.json,False,1.0,False,,,3,us:Altruism- them:Security-,-21.0,-21.0,"{""Family"": -6.0, ""Meaning"": -6.0, ""Security"": -6.0, ""SelfRespect"": -3.0}","{""Achievement"": -6.0, ""Altruism"": -6.0, ""Esteem"": -6.0, ""SelfRespect"": -3.0}",RELAcquaintanceChance
SOCNotMuch,Not Much,interactions2.json,False,0.75,False,,,0,them:Esteem+ them:SelfRespect+,15.0,-3.0,"{""Autonomy"": -3.0, ""Contact"": -3.0, ""Privacy"": 3.0}","{""Contact"": 3.0, ""Esteem"": 3.0, ""Family"": 6.0, ""Intimacy"": 3.0, ""Privacy"": -3.0, ""SelfRespect"": 3.0}",
SOCOfferHelp,Offer Help,interactions2.json,True,0.5,False,IsKind;IsSelfless,IsApathetic;IsCruel;IsOblivious;IsSelfish,3,us:Altruism- them:Security-,-9.0,-24.0,"{""Achievement"": -3.0, ""Altruism"": -12.0, ""Esteem"": -6.0, ""Family"": -3.0}","{""Esteem"": -3.0, ""Family"": -12.0, ""Privacy"": 6.0}",
SOCOfferNoThanks,No Thanks,interactions2.json,False,1.0,False,,,0,them:Esteem+ them:SelfRespect+,6.0,-6.0,"{""Autonomy"": -6.0, ""Privacy"": 6.0, ""SelfRespect"": -6.0}","{""Autonomy"": 3.0, ""SelfRespect"": 3.0}",
SOCOfferSmoke,Offer Smoke,interactions2.json,True,1.0,False,,,2,us:Intimacy- us:Privacy+,-6.0,-15.0,"{""Altruism"": -6.0, ""Contact"": -3.0, ""Esteem"": -3.0, ""Intimacy"": -3.0}","{""Contact"": -6.0, ""Intimacy"": -3.0, ""Privacy"": 3.0}",
SOCOfferStepAside,Step Aside,interactions2.json,False,0.5,False,IsHumble;IsPushover;IsQuitter;IsSelfish,IsAmbitious;IsApathetic;IsArrogant;IsDiligent;IsImpatient;IsSelfless;IsStubborn,3,us:Altruism- them:Security-,-18.0,-6.0,"{""Altruism"": -12.0, ""Autonomy"": 6.0}","{""Achievement"": -6.0, ""Family"": -12.0}",
SOCOfferThank,Thank,interactions2.json,False,1.0,False,IsHumble;IsPushover;IsQuitter;IsSelfish,IsAmbitious;IsApathetic;IsArrogant;IsDiligent;IsImpatient;IsSelfless;IsStubborn,9,them:Altruism- them:Privacy+,-18.0,6.0,"{""Achievement"": 6.0, ""Altruism"": 6.0, ""Esteem"": -6.0}","{""Altruism"": -12.0, ""Family"": -6.0}",RELAcquaintanceChance
SOCOpenArms,Open Arms,interactions2.json,False,0.75,False,IsBrave;IsCharismatic;IsCraven;IsFollower;IsForgiving;IsGregarious;IsHumble;IsKind;IsLustful;IsPatient;IsPushover;IsSelfless;IsTrusting,IsApathetic;IsArrogant;IsChaste;IsCruel;IsImpatient;IsRepulsive;IsSelfish;IsShy;IsTreacherous;IsVengeful,3,us:Altruism- them:Security-,-21.0,-24.0,"{""Achievement"": -3.0, ""Altruism"": -12.0, ""Autonomy"": -3.0, ""Contact"": -3.0, ""Esteem"": -3.0, ""Intimacy"": -6.0, ""Privacy"": 6.0}","{""Altruism"": 3.0, ""Contact"": -6.0, ""Esteem"": -3.0, ""Family"": -6.0, ""Intimacy"": -6.0, ""Meaning"": -3.0, ""Privacy"": 6.0, ""Security"": -12.0, ""SelfRespect"": 6.0}",
SOCOrgToDos,Organize To-Dos,interactions2.json,True,1.0,True,,,6,us:Achievement- us:Meaning+,0.0,-9.0,"{""Achievement"": -12.0, ""Meaning"": 6.0, ""SelfRespect"": -3.0}",{},
SOCOrgToDosWithPDANotes,Organize To-Dos (w/Note),interactions2.json,True,1.0,True,,,6,us:Achievement- us:Meaning+,0.0,-9.0,"{""Achievement"": -12.0, ""Meaning"": 6.0, ""SelfRespect"": -3.0}",{},
SOCPartnerAdvancesDeny,Rebuff Advances,interactions_relationships.json,False,,True,,,-1,no-effect,0.0,0.0,{},{},
SOCPartnerAdvancesHygieneDeny,Rebuff Due to Hygiene,interactions_relationships.json,False,,True,,,-1,no-effect,0.0,0.0,{},{},
SOCPartnerKiss,Invite to Kiss,interactions_relationships.json,True,1.0,True,,,-1,no-effect,0.0,0.0,{},{},
SOCPartnerKissAirtight,Invite to Spacer Kiss,interactions_relationships.json,False,1.0,True,,,-1,no-effect,0.0,0.0,{},{},
SOCPartnerKissAirtightThem,Invite to Kiss,interactions_relationships.json,False,1.0,True,,,-1,no-effect,0.0,0.0,{},{},
SOCPartnerKissAllow,Invite to Kiss,interactions_relationships.json,False,1.0,True,,,-1,no-effect,0.0,0.0,{},{},
SOCPartnerKissContinue,Deepen Kiss,interactions_relationships.json,False,1.0,True,,,-1,no-effect,0.0,0.0,{},{},
SOCPartnerKissContinueAirtight,Spacer Kiss,interactions_relationships.json,False,1.0,True,,,-1,no-effect,0.0,0.0,{},{},
SOCPartnerKissContinueAirtightBoth,Spacer Kiss,interactions_relationships.json,False,1.0,True,,,-1,no-effect,0.0,0.0,{},{},
SOCPartnerKissContinueAirtightThem,Spacer Kiss,interactions_relationships.json,False,1.0,True,,,-1,no-effect,0.0,0.0,{},{},
SOCPartnerKissContinueAllow,Deepen Kiss,interactions_relationships.json,False,1.0,True,,,-1,no-effect,0.0,0.0,{},{},
SOCPlayfulThreat,Playful Threat,interactions2.json,True,0.3,False,IsCharismatic;IsComedian;IsGregarious;IsLeader;IsLustful;IsVengeful,IsFollower;IsHumorless;IsOblivious;IsRepulsive;IsShy;IsTreacherous,2,us:Intimacy- us:Privacy+,9.0,-21.0,"{""Altruism"": -3.0, ""Autonomy"": -6.0, ""Contact"": -3.0, ""Esteem"": -3.0, ""Intimacy"": -6.0}","{""Autonomy"": 3.0, ""Contact"": -3.0, ""Esteem"": 3.0, ""Intimacy"": -6.0, ""Privacy"": 6.0, ""Security"": 6.0}",RELAcquaintanceChance
SOCPleeease,Pleeeeeease!,interactions2.json,False,0.5,False,IsAmbitious;IsGlutton;IsObtuse;IsOptimist;IsRepulsive;IsSelfish;IsStubborn,IsApathetic;IsArrogant;IsCharismatic;IsComplacent;IsFollower;IsLeader;IsPessimist;IsPushover;IsQuitter;IsSelfless;IsShy;IsTemperate;IsTreacherous,5,us:Security+ them:Autonomy-,-15.0,3.0,"{""Achievement"": -3.0, ""Altruism"": 3.0, ""Autonomy"": -6.0, ""Esteem"": 3.0, ""SelfRespect"": 6.0}","{""Autonomy"": -6.0, ""Esteem"": -6.0, ""Privacy"": 3.0, ""SelfRespect"": -6.0}",
SOCPoliceIntroduction,Question the Citizen,interactions2.json,False,1.0,True,,,-1,no-effect,0.0,0.0,{},{},
SOCPoliceShakedown,Approach Officers,interactions2.json,False,,True,,,-1,no-effect,0.0,0.0,{},{},
SOCPoliceShakedownAdmitInfractionHull,Admit that the Ship Is Not Yet Spaceworthy,interactions2.json,False,,True,,,-1,no-effect,0.0,0.0,{},{},
SOCPoliceShakedownAdmitInfractionHullAffirmative,Confirm That Hull is Damaged,interactions2.json,False,1.0,False,,,3,us:Altruism- them:Security-,-12.0,-12.0,"{""Achievement"": -12.0}","{""Security"": -12.0}",
SOCPoliceShakedownAdmitInfractionHullNegative,Deny That Hull is Damaged,interactions2.json,False,,True,,,0,them:Esteem+ them:SelfRespect+,12.0,0.0,"{""SelfRespect"": -12.0, ""Autonomy"": 12.0}","{""Security"": 12.0}",
SOCPoliceShakedownAdmitInfractionHullPayFineAngry,Pay Fine and Insult,interactions2.json,False,,True,,,0,them:Esteem+ them:SelfRespect+,12.0,0.0,"{""SelfRespect"": -12.0, ""Altruism"": 12.0}","{""Esteem"": 12.0, ""Achievement"": -12.0, ""Altruism"": 12.0}",
SOCPoliceShakedownAdmitInfractionHullPayFineGlad,Pay the Fine Politely,interactions2.json,False,,True,,,3,us:Altruism- them:Security-,-36.0,0.0,"{""SelfRespect"": 12.0, ""Security"": -12.0}","{""Esteem"": -12.0, ""Security"": -12.0, ""Meaning"": -12.0}",
SOCPoliceShakedownAdmitInfractionIllegalSalvage,Admit to Docking for Salvage,interactions2.json,False,,True,,,-1,no-effect,0.0,0.0,{},{},
SOCPoliceShakedownAdmitInfractionIllegalSalvageAffirmative,Confirm That Salvage Operation is Illegal,interactions2.json,False,1.0,True,,,6,us:Achievement- us:Meaning+,0.0,-12.0,"{""Achievement"": -12.0}",{},
SOCPoliceShakedownAdmitInfractionIllegalSalvageNegative,Not About Illegal Salvage,interactions2.json,False,,True,,,-1,no-effect,0.0,0.0,{},{},
SOCPoliceShakedownAdmitInfractionIllegalSalvagePayFineAngry,Pay the Fine and Insult,interactions2.json,False,,True,,,0,them:Esteem+ them:SelfRespect+,12.0,0.0,"{""SelfRespect"": -12.0, ""Altruism"": 12.0}","{""Esteem"": 12.0, ""Achievement"": -12.0, ""Altruism"": 12.0}",
SOCPoliceShakedownAdmitInfractionIllegalSalvagePayFineGlad,Pay the Fine Politely,interactions2.json,False,,True,,,3,us:Altruism- them:Security-,-36.0,0.0,"{""SelfRespect"": 12.0, ""Security"": -12.0}","{""Esteem"": -12.0, ""Security"": -12.0, ""Meaning"": -12.0}",
SOCPoliceShakedownAdmitInfractionIllegalSalvageShowLicense,Show Salvage License,interactions2.json,False,,True,,,-1,no-effect,0.0,0.0,{},{},
SOCPoliceShakedownAdmitInfractionIllegalSalvageShowLicenseAllow,Accept License,interactions2.json,False,,True,,,-1,no-effect,0.0,0.0,{},{},
SOCPoliceShakedownAdmitInfractionMinor,Steer Talk Towards Minor Infraction,interactions2.json,False,,True,,,-1,no-effect,0.0,0.0,{},{},
SOCPoliceShakedownAdmitInfractionOgisoPosterAffirmative,Confirm They are Doing Random Ogiso Inspection,interactions2.json,False,1.0,False,,,3,us:Altruism- them:Security-,-12.0,-12.0,"{""Achievement"": -12.0}","{""Security"": -12.0}",
SOCPoliceShakedownAdmitInfractionOgisoPosterCheckNo,Negative Check for Ogiso Poster,interactions2.json,False,,True,,,-1,no-effect,0.0,0.0,{},{},
SOCPoliceShakedownAdmitInfractionOgisoPosterCheckYes,Affirmative Check for Ogiso Poster,interactions2.json,False,,True,,,-1,no-effect,0.0,0.0,{},{},
SOCPoliceShakedownAdmitInfractionOgisoPosterNegative,Deny Check for Ogiso Poster,interactions2.json,False,,True,,,0,them:Esteem+ them:SelfRespect+,12.0,0.0,"{""SelfRespect"": -12.0, ""Autonomy"": 12.0}","{""Security"": 12.0}",
SOCPoliceShakedownAdmitInfractionOgisoPosterPayFineAngry,Pay Fine and Insult,interactions2.json,False,,True,,,0,them:Esteem+ them:SelfRespect+,12.0,0.0,"{""SelfRespect"": -12.0, ""Altruism"": 12.0}","{""Esteem"": 12.0, ""Achievement"": -12.0, ""Altruism"": 12.0}",
SOCPoliceShakedownAdmitInfractionOgisoPosterPayFineGlad,Pay the Fine Politely,interactions2.json,False,,True,,,3,us:Altruism- them:Security-,-36.0,0.0,"{""SelfRespect"": 12.0, ""Security"": -12.0}","{""Esteem"": -12.0, ""Security"": -12.0, ""Meaning"": -12.0}",
SOCPoliceShakedownAdmitTransponder,Admit to Having No Active Transponder,interactions2.json,False,,True,,,-1,no-effect,0.0,0.0,{},{},
SOCPoliceShakedownAdmitTransponderAffirmative,Confirm for No Active Transponder,interactions2.json,False,1.0,True,,,-1,no-effect,0.0,0.0,{},{},
SOCPoliceShakedownAdmitTransponderAffirmativeExcuse,Make Up a Plausible Excuse for Flying Dark,interactions2.json,False,,True,,,-1,no-effect,0.0,0.0,{},{},
SOCPoliceShakedownAdmitTransponderAffirmativeExcuseFail,Transponder Excuse Fail,interactions2.json,False,1.0,False,,,-1,no-effect,0.0,0.0,{},{},
SOCPoliceShakedownAdmitTransponderAffirmativeExcuseSucceed,Transponder Excuse Succeed,interactions2.json,False,1.0,False,,,-1,no-effect,0.0,0.0,{},{},
SOCPoliceShakedownAdmitTransponderAffirmativeJoke,Make a Joke about Flying Dark,interactions2.json,False,,True,,,-1,no-effect,0.0,0.0,{},{},
SOCPoliceShakedownAdmitTransponderAffirmativeJokeFail,Transponder Joke Fail,interactions2.json,False,1.0,False,,,-1,no-effect,0.0,0.0,{},{},
SOCPoliceShakedownAdmitTransponderAffirmativeJokeSucceed,Transponder Joke Succeed,interactions2.json,False,1.0,False,,,-1,no-effect,0.0,0.0,{},{},
SOCPoliceShakedownApproachBribe,Hint at a Bribe,interactions2.json,False,,True,,,5,us:Security+ them:Autonomy-,0.0,48.0,"{""Security"": 48.0}",{},
SOCPoliceShakedownAutonomyFailAchievement,Mug Them,interactions2.json,False,1.0,True,,,6,us:Achievement- us:Meaning+,24.0,-48.0,"{""Achievement"": -48.0}","{""Security"": 24.0, ""Altruism"": -24.0, ""Autonomy"": 24.0}",
SOCPoliceShakedownBasicBribe,Offer Bribe Amount,interactions2.json,False,1.0,True,,,-1,no-effect,0.0,0.0,{},{},
SOCPoliceShakedownBasicBribeAccept,Accept Bribe,interactions2.json,False,1.0,False,,IsHonest;IsSelfless,-1,no-effect,0.0,0.0,{},{},
SOCPoliceShakedownBasicBribeAcceptCritSuccess,Accept Bribe Crit Success,interactions2.json,False,1.0,False,,IsHonest;IsSelfless,2,us:Intimacy- us:Privacy+,0.0,-24.0,"{""Contact"": -12.0, ""Security"": -12.0}",{},RELSOCBribeContact
SOCPoliceShakedownBasicBribeDenyAutonomy,Decline Bribe (Autonomy),interactions2.json,False,1.0,False,,IsHonest;IsSelfless,0,them:Esteem+ them:SelfRespect+,12.0,-6.0,"{""Autonomy"": -6.0}","{""SelfRespect"": 12.0}",
SOCPoliceShakedownBasicBribeDenyCritFail,Deny Bribe Crit Fail,interactions2.json,False,1.0,False,,IsHonest;IsSelfless,0,them:Esteem+ them:SelfRespect+,0.0,-48.0,"{""Achievement"": -12.0, ""SelfRespect"": -12.0, ""Autonomy"": -12.0, ""Esteem"": -12.0}",{},RELSOCBribeEnemy
SOCPoliceShakedownBasicBribeDenyEsteem,Decline Bribe (Esteem),interactions2.json,False,1.0,False,,,1,us:Esteem- us:Meaning-,12.0,-12.0,"{""Esteem"": -12.0}","{""SelfRespect"": 12.0}",
SOCPoliceShakedownBasicBribeHonest,Decline Bribe (Honest),interactions2.json,False,1.0,False,IsHonest;IsSelfless,,0,them:Esteem+ them:SelfRespect+,12.0,-12.0,"{""SelfRespect"": -12.0}","{""SelfRespect"": 12.0}",
SOCPoliceShakedownBribeAdd,Add $500 to a potential bribe,interactions2.json,False,,True,,,5,us:Security+ them:Autonomy-,0.0,12.0,"{""SelfRespect"": 12.0}","{""Autonomy"": -12.0, ""Security"": 12.0}",
SOCPoliceShakedownBribeSub,Subtract $500 from a potential bribe,interactions2.json,False,,True,,,0,them:Esteem+ them:SelfRespect+,36.0,-12.0,"{""SelfRespect"": -12.0}","{""SelfRespect"": 12.0, ""Autonomy"": 24.0}",
SOCPoliceShakedownBullshitFinePayFineAngry,Pay the Fine and Insult,interactions2.json,False,,True,,,0,them:Esteem+ them:SelfRespect+,12.0,0.0,"{""SelfRespect"": -12.0, ""Altruism"": 12.0}","{""Esteem"": 12.0, ""Achievement"": -12.0, ""Altruism"": 12.0}",
SOCPoliceShakedownBullshitFinePayFineGlad,Pay the Fine Politely,interactions2.json,False,,True,,,3,us:Altruism- them:Security-,-36.0,0.0,"{""SelfRespect"": 12.0, ""Security"": -12.0}","{""Esteem"": -12.0, ""Security"": -12.0, ""Meaning"": -12.0}",
SOCPoliceShakedownConnectWithFriend,Catch Up With Friend,interactions2.json,False,,True,,,-1,no-effect,0.0,0.0,{},{},
SOCPoliceShakedownCredentials,Ask for Their Badge and Credentials,interactions2.json,False,,True,,,0,them:Esteem+ them:SelfRespect+,36.0,-24.0,"{""Security"": -12.0, ""Esteem"": -12.0}","{""Esteem"": 12.0, ""Achievement"": 12.0, ""Security"": 12.0}",
SOCPoliceShakedownCredentialsAllow,Show Credentials,interactions2.json,False,,True,,,3,us:Altruism- them:Security-,0.0,-12.0,"{""Altruism"": -12.0}",{},
SOCPoliceShakedownCredentialsAllowFake,Show Credentials,interactions2.json,False,,True,,,0,them:Esteem+ them:SelfRespect+,12.0,-6.0,"{""Privacy"": -6.0}","{""Security"": 12.0}",
SOCPoliceShakedownCredentialsAllowLegit,Show Credentials,interactions2.json,False,,True,,,3,us:Altruism- them:Security-,0.0,-6.0,"{""Altruism"": -6.0}",{},
SOCPoliceShakedownCredentialsDenyAutonomy,Decline to Show Credentials,interactions2.json,False,1.0,False,,,0,them:Esteem+ them:SelfRespect+,12.0,-12.0,"{""Autonomy"": -12.0}","{""Autonomy"": 12.0}",
SOCPoliceShakedownCredentialsDenySecurity,Declines to show Credentials,interactions2.json,False,1.0,False,,,0,them:Esteem+ them:SelfRespect+,12.0,-6.0,"{""Security"": -12.0, ""Privacy"": 6.0}","{""Security"": 12.0}",
SOCPoliceShakedownEmptyBeat,Mmm-hmm,interactions2.json,False,,True,,,-1,no-effect,0.0,0.0,{},{},
SOCPoliceShakedownEmptyExit,Go about your business,interactions2.json,False,1.0,False,,,-1,no-effect,0.0,0.0,{},{},
SOCPoliceShakedownEmptyUnArrest,Un Arrest,interactions2.json,False,1.0,True,,,-1,no-effect,0.0,0.0,{},{},
SOCPoliceShakedownOpenUI,Open UI,interactions2.json,False,,True,,,-1,no-effect,0.0,0.0,{},{},
SOCPoliceShakedownRecognizeEnemy,Recognize Enemy,interactions2.json,False,,True,,,-1,no-effect,0.0,0.0,{},{},
SOCPoliceShakedownRecognizeFriend,Recognize Friend,interactions2.json,False,,True,,,3,us:Altruism- them:Security-,-36.0,-36.0,"{""Altruism"": -12.0, ""Meaning"": -12.0, ""Contact"": -12.0}","{""Altruism"": -12.0, ""Meaning"": -12.0, ""Contact"": -12.0}",
SOCPoliceShakedownRecognizeFriendAskRumor,Ask About Rumors,interactions2.json,False,,True,,,-1,no-effect,0.0,0.0,{},{},
SOCPoliceShakedownRecognizeFriendEvidenceLocker,Ask About the Evidence Locker,interactions2.json,False,,True,,,-1,no-effect,0.0,0.0,{},{},
SOCPoliceShakedownRecognizeFriendEvidenceReply1,Offer Murder Tool,interactions2.json,False,,True,,,0,them:Esteem+ them:SelfRespect+,0.0,-18.0,"{""Autonomy"": -12.0, ""Contact"": -6.0}",{},
SOCPoliceShakedownRecognizeFriendEvidenceReply1No,Decline the Murder Tool,interactions2.json,False,,True,,,-1,no-effect,0.0,0.0,{},{},
SOCPoliceShakedownRecognizeFriendEvidenceReply1Yes,Take the Murder Tool.,interactions2.json,False,,True,,,-1,no-effect,0.0,0.0,{},{},
SOCPoliceShakedownRecognizeFriendEvidenceReply1YesGiveItem,Give Them the Murder Tool,interactions2.json,False,,True,,,-1,no-effect,0.0,0.0,{},{},
SOCPoliceShakedownRecognizeFriendEvidenceReply2,Offer Party Supplies,interactions2.json,False,,True,,,2,us:Intimacy- us:Privacy+,0.0,-18.0,"{""Family"": -12.0, ""Contact"": -6.0}",{},
SOCPoliceShakedownRecognizeFriendEvidenceReply2No,Decline the Booze,interactions2.json,False,,True,,,-1,no-effect,0.0,0.0,{},{},
SOCPoliceShakedownRecognizeFriendEvidenceReply2Yes,Take the Booze.,interactions2.json,False,,True,,,-1,no-effect,0.0,0.0,{},{},
SOCPoliceShakedownRecognizeFriendEvidenceReply2YesGiveItem,Give Them the Booze,interactions2.json,False,,True,,,-1,no-effect,0.0,0.0,{},{},
SOCPoliceShakedownRecognizeFriendGossipReply1,Gossip About Harbourmaster Adeyemi,interactions2.json,False,,True,,,1,us:Esteem- us:Meaning-,0.0,-18.0,"{""Esteem"": -12.0, ""Contact"": -6.0}",{},
SOCPoliceShakedownRecognizeFriendGossipReply2,Gossip About Old Emporium,interactions2.json,False,,True,,,0,them:Esteem+ them:SelfRespect+,0.0,-18.0,"{""Autonomy"": -12.0, ""Contact"": -6.0}",{},
SOCPoliceShakedownRecognizeFriendGossipReply3,Gossip About Scrapper Fines,interactions2.json,False,,True,,,3,us:Altruism- them:Security-,0.0,-18.0,"{""Altruism"": -12.0, ""Contact"": -6.0}",{},
SOCPoliceShakedownRecognizeFriendManagementGossip,Gossip About Management,interactions2.json,False,,True,,,-1,no-effect,0.0,0.0,{},{},
SOCPoliceShakedownRecognizeFriendRumorReply1,Talk About the Black Market,interactions2.json,False,,True,,,1,us:Esteem- us:Meaning-,0.0,-18.0,"{""Meaning"": -12.0, ""Contact"": -6.0}",{},
SOCPoliceShakedownRecognizeFriendRumorReply2,Talk About Illegal Racing,interactions2.json,False,,True,,,2,us:Intimacy- us:Privacy+,0.0,-18.0,"{""Family"": -12.0, ""Contact"": -6.0}",{},
SOCPoliceShakedownRecognizeFriendRumorReply3,Talk About The Mariner,interactions2.json,False,,True,,,1,us:Esteem- us:Meaning-,0.0,-18.0,"{""Meaning"": -12.0, ""Contact"": -6.0}",{},
SOCPoliceShakedownRecognizePerp,OKLG LEO Recognizes Perp,interactions2.json,False,1.0,True,,,-1,no-effect,0.0,0.0,{},{},
SOCPoliceShakedownScowl,Scowl Silently,interactions2.json,False,1.0,False,,,0,them:Esteem+ them:SelfRespect+,12.0,-6.0,"{""Autonomy"": -12.0, ""Privacy"": 6.0}","{""Security"": 6.0, ""Privacy"": 6.0}",
SOCPoliceShakedownSecurityFail,Lose it,interactions2.json,False,1.0,True,,,0,them:Esteem+ them:SelfRespect+,48.0,-48.0,"{""Security"": -48.0}","{""Security"": 48.0}",
SOCPoliceShakedownShowPoster,Show Work Safety Poster,interactions2.json,False,,True,,,-1,no-effect,0.0,0.0,{},{},
SOCPoliceShakedownSoftenMoodList,Soften Their Mood List,interactions2.json,False,,True,,,-1,no-effect,0.0,0.0,{},{},
SOCPoliceShakedownSoftenTheirMood,Soften Their Mood,interactions2.json,False,,True,,,-1,no-effect,0.0,0.0,{},{},
SOCPoliceShakedownStall,Stall for Time,interactions2.json,False,,True,,,0,them:Esteem+ them:SelfRespect+,30.0,-12.0,"{""Security"": -6.0, ""Autonomy"": -6.0}","{""Autonomy"": 12.0, ""Esteem"": 6.0, ""Privacy"": 12.0}",
SOCPoliceShakedownStolenShipAffirmative,Confirm Arrest for Stolen Ship,interactions2.json,False,1.0,True,,,-1,no-effect,0.0,0.0,{},{},
SOCPoliceShakedownStonewall,Say You Don't Know,interactions2.json,False,,True,,,-1,no-effect,0.0,0.0,{},{},
SOCPoliceShakedownSuckUp,Suck Up to Them,interactions2.json,False,,True,,,3,us:Altruism- them:Security-,-9.0,24.0,"{""SelfRespect"": 12.0, ""Autonomy"": 12.0}","{""Esteem"": -6.0, ""Meaning"": -3.0}",
SOCPoliceShakedownSuckUpFail,Resist Suck Up,interactions2.json,False,1.0,False,,,0,them:Esteem+ them:SelfRespect+,12.0,-12.0,"{""Autonomy"": -12.0}","{""SelfRespect"": 12.0}",
SOCPoliceShakedownSuckUpSuccess,Succumb to Suck Up,interactions2.json,False,1.0,False,,,1,us:Esteem- us:Meaning-,-18.0,-12.0,"{""Esteem"": -12.0, ""Meaning"": -6.0, ""Achievement"": 6.0}","{""Achievement"": -12.0, ""Security"": -6.0}",
SOCPoliceShakedownSuddenMoves,Calm Them Down,interactions2.json,False,1.0,False,,,0,them:Esteem+ them:SelfRespect+,30.0,-6.0,"{""Security"": -12.0, ""Privacy"": 6.0}","{""Security"": 12.0, ""Autonomy"": 12.0, ""Privacy"": 6.0}",
SOCPoliteChuckle,Chuckle Politely,interactions2.json,False,0.2,False,,,0,them:Esteem+ them:SelfRespect+,18.0,6.0,"{""Autonomy"": -3.0, ""Family"": 6.0, ""Intimacy"": 3.0}","{""Contact"": 3.0, ""Esteem"": 3.0, ""Family"": 6.0, ""Intimacy"": 6.0, ""Privacy"": -3.0, ""SelfRespect"": 3.0}",
SOCPortAuthorityAutonomyFail,Assert Authority,interactions_port_authority.json,False,1.0,False,,,0,them:Esteem+ them:SelfRespect+,0.0,-12.0,"{""Autonomy"": -12.0}",{},
SOCPortAuthorityBluffAuthority,Pretend You Are Important,interactions_port_authority.json,False,,True,,,0,them:Esteem+ them:SelfRespect+,24.0,0.0,{},"{""Autonomy"": 12.0, ""Security"": 12.0}",
SOCPortAuthorityBluffAuthorityFail,Assert Personal Authority,interactions_port_authority.json,False,,True,,,7,us:Privacy- them:Achievement+,24.0,-24.0,"{""Privacy"": -24.0}","{""Achievement"": 24.0}",
SOCPortAuthorityBluffAuthoritySucceed,Succumb to Threat,interactions_port_authority.json,False,,True,,,3,us:Altruism- them:Security-,-24.0,-24.0,"{""Security"": -24.0}","{""Achievement"": -24.0}",
SOCPortAuthorityConnect,Fabricate an Urgent Mission,interactions_port_authority.json,False,,True,,,9,them:Altruism- them:Privacy+,0.0,12.0,"{""Altruism"": 12.0}","{""Privacy"": 12.0, ""Meaning"": -12.0}",
SOCPortAuthorityConnectFail,Ignore Connection,interactions_port_authority.json,False,,True,,,7,us:Privacy- them:Achievement+,24.0,-24.0,"{""Privacy"": -24.0}","{""Achievement"": 24.0}",
SOCPortAuthorityConnectSucceed,Make Connection,interactions_port_authority.json,False,,True,,,1,us:Esteem- us:Meaning-,-24.0,-24.0,"{""Meaning"": -24.0}","{""Achievement"": -24.0}",
SOCPortAuthorityFinisherAskForBreak,Ask For a Break,interactions_port_authority.json,False,,True,,,-1,no-effect,0.0,0.0,{},{},
SOCPortAuthorityFinisherAskForBreakResist,Resist: Ask For a Break,interactions_port_authority.json,False,,True,,,-1,no-effect,0.0,0.0,{},{},
SOCPortAuthorityFinisherAskForBreakSuccumb,Succumb: Ask For a Break,interactions_port_authority.json,False,1.0,False,,,-1,no-effect,0.0,0.0,{},{},
SOCPortAuthorityFinisherFriendFavor,Ask Friend for Favor,interactions_port_authority.json,False,,True,,,-1,no-effect,0.0,0.0,{},{},
SOCPortAuthorityFinisherFriendFavorResist,Resist: Ask For a Break,interactions_port_authority.json,False,1.0,False,,,-1,no-effect,0.0,0.0,{},{},
SOCPortAuthorityFinisherFriendFavorSuccomb,Succumb: Ask For a Break,interactions_port_authority.json,False,1.0,False,,,-1,no-effect,0.0,0.0,{},{},
SOCPortAuthorityFinisherPromise,Promise to Pay Later,interactions_port_authority.json,False,,True,,,-1,no-effect,0.0,0.0,{},{},
SOCPortAuthorityFinisherPromiseResist,Resist: Ask For a Break,interactions_port_authority.json,False,,True,,,-1,no-effect,0.0,0.0,{},{},
SOCPortAuthorityFinisherPromiseSuccumb,Succumb: Ask For a Break,interactions_port_authority.json,False,1.0,False,,,-1,no-effect,0.0,0.0,{},{},
SOCPortAuthorityFinisherReportToManager,Threaten to Call Manager,interactions_port_authority.json,False,,True,,,-1,no-effect,0.0,0.0,{},{},
SOCPortAuthorityFinisherReportToManagerResist,Resist: Ask For a Break,interactions_port_authority.json,False,,True,,,-1,no-effect,0.0,0.0,{},{},
SOCPortAuthorityFinisherReportToManagerSuccumb,Succumb: Ask For a Break,interactions_port_authority.json,False,1.0,False,,,-1,no-effect,0.0,0.0,{},{},
SOCPortAuthorityManagerAcknowledge,Acknowledge Patron,interactions_port_authority.json,False,1.0,False,,,-1,no-effect,0.0,0.0,{},{},
SOCPortAuthorityManagerAcknowledgeAngry,Acknowledge Patron Angrily,interactions_port_authority.json,False,1.0,False,,,0,them:Esteem+ them:SelfRespect+,24.0,-24.0,"{""Autonomy"": -6.0, ""Security"": -6.0, ""Esteem"": -6.0, ""SelfRespect"": -6.0}","{""Autonomy"": 6.0, ""Security"": 6.0, ""Esteem"": 6.0, ""SelfRespect"": 6.0}",
SOCPortAuthorityManagerAcknowledgeBusy,Blow Off Patron Busily,interactions_port_authority.json,False,1.0,False,,,7,us:Privacy- them:Achievement+,0.0,-12.0,"{""Privacy"": -12.0}",{},
SOCPortAuthorityManagerAcknowledgeFriend,Acknowledge Patron Friend,interactions_port_authority.json,False,,True,,,-1,no-effect,0.0,0.0,{},{},
SOCPortAuthorityManagerAcknowledgeHappy,Acknowledge Patron Happily,interactions_port_authority.json,False,1.0,True,,,3,us:Altruism- them:Security-,-12.0,-12.0,"{""Altruism"": -6.0, ""Meaning"": -6.0}","{""Altruism"": -6.0, ""Meaning"": -6.0}",
SOCPortAuthorityManagerAcknowledgeSecondFail,Blow Off Patron You've Seen,interactions_port_authority.json,False,1.0,True,,,7,us:Privacy- them:Achievement+,0.0,-12.0,"{""Privacy"": -12.0}",{},
SOCPortAuthorityManagerAcknowledgeSelfImportant,Blow off Patron Autonomy,interactions_port_authority.json,False,1.0,False,,,0,them:Esteem+ them:SelfRespect+,0.0,-12.0,"{""Autonomy"": -12.0}",{},
SOCPortAuthorityManagerAcknowledgeWanted,Recognize Wanted Criminal,interactions_port_authority.json,False,,True,,,-1,no-effect,0.0,0.0,{},{},
SOCPortAuthorityManagerJoke,Try to Make Them Laugh,interactions_port_authority.json,False,,True,,,9,them:Altruism- them:Privacy+,0.0,-6.0,"{""SelfRespect"": -6.0}","{""Privacy"": 12.0, ""Altruism"": -12.0}",
SOCPortAuthorityManagerJokeLaugh,Laugh at Joke,interactions_port_authority.json,False,,True,,,3,us:Altruism- them:Security-,-24.0,-24.0,"{""Altruism"": -24.0}","{""Altruism"": -24.0}",
SOCPortAuthorityManagerJokeNotLaugh,Ignore Joke,interactions_port_authority.json,False,,True,,,0,them:Esteem+ them:SelfRespect+,48.0,-24.0,"{""SelfRespect"": -24.0}","{""SelfRespect"": 24.0, ""Esteem"": 24.0}",
SOCPortAuthorityManagerStart,Address Port Authority Clerk,interactions_port_authority.json,False,,True,,,-1,no-effect,0.0,0.0,{},{},
SOCPortAuthorityPrivacyFail,Tell Them to Get Lost,interactions_port_authority.json,False,1.0,False,,,7,us:Privacy- them:Achievement+,0.0,-12.0,"{""Privacy"": -12.0}",{},
SOCQuitAllowGlad,Part Ways Amicably,interactions2.json,False,,True,,,3,us:Altruism- them:Security-,-24.0,-24.0,"{""Altruism"": -12.0, ""Esteem"": -12.0}","{""Altruism"": -12.0, ""Esteem"": -12.0}",RELSOCHireQuitsThem
SOCQuitAllowMad,Tell them to Fuck Off Forever,interactions2.json,False,,True,,,0,them:Esteem+ them:SelfRespect+,48.0,-12.0,"{""Altruism"": 12.0, ""Autonomy"": -24.0}","{""Altruism"": 24.0, ""Esteem"": 24.0}",RELSOCHireQuitsThem
SOCQuitAutonomyFail,Quit for Good (Autonomy),interactions2.json,False,1.0,False,,,-1,no-effect,0.0,0.0,{},{},
SOCQuitBonusAdd,Add $1000 to a One Time Bonus,interactions2.json,False,,True,,,3,us:Altruism- them:Security-,-9.0,0.0,{},"{""Autonomy"": -6.0, ""SelfRespect"": -3.0}",
SOCQuitDeathPayAdd,Increase Death Pay,interactions2.json,False,,True,,,3,us:Altruism- them:Security-,-9.0,0.0,{},"{""Security"": -6.0, ""Autonomy"": -3.0}",
SOCQuitGambitOffer,Ask Them to Stay on the Crew,interactions2.json,False,,True,,,-1,no-effect,0.0,0.0,{},{},
SOCQuitGambitOfferResponsibility,Give them Greater Responsibility,interactions2.json,False,,True,,,-1,no-effect,0.0,0.0,{},{},
SOCQuitGambitThreat,Ask Them to Stay...or Else,interactions2.json,False,,True,,,-1,no-effect,0.0,0.0,{},{},
SOCQuitNegotiation,Convince Them to Stay,interactions2.json,False,1.0,True,,,-1,no-effect,0.0,0.0,{},{},
SOCQuitRespectFail,Quit for Good (Respect),interactions2.json,False,1.0,False,,,-1,no-effect,0.0,0.0,{},{},
SOCQuitSalaryAdd,Add $25 Salary,interactions2.json,False,,True,,,3,us:Altruism- them:Security-,-18.0,0.0,{},"{""Esteem"": -12.0, ""SelfRespect"": -6.0}",
SOCQuitScare,Scare Them Straight,interactions2.json,False,,True,,,0,them:Esteem+ them:SelfRespect+,36.0,0.0,{},"{""Security"": 24.0, ""Altruism"": 12.0}",
SOCQuitSecurityFail,Quit for Good (Security),interactions2.json,False,1.0,False,,,-1,no-effect,0.0,0.0,{},{},
SOCQuitSelfWorthFail,Quit for Good (Self Worth),interactions2.json,False,1.0,False,,,-1,no-effect,0.0,0.0,{},{},
SOCQuitStart,Quit the Crew,interactions2.json,False,1.0,False,,,-1,no-effect,0.0,0.0,{},{},
SOCQuiver,Quiver Uncontrollably,interactions2.json,False,1.0,False,,,3,us:Altruism- them:Security-,3.0,-3.0,"{""Achievement"": 3.0, ""Autonomy"": 6.0, ""Esteem"": 3.0, ""Privacy"": -3.0, ""Security"": -12.0}","{""Esteem"": -3.0, ""Meaning"": 3.0, ""Security"": 3.0, ""SelfRespect"": -3.0, ""Weird"": 3.0}",
SOCReassure,Reassure,interactions2.json,True,1.0,False,,,3,us:Altruism- them:Security-,-49.0,-15.0,"{""Achievement"": -3.0, ""Altruism"": -12.0, ""Privacy"": 6.0, ""SelfRespect"": -6.0}","{""Esteem"": -6.0, ""Family"": -12.0, ""Security"": -31.0}",RELAcquaintanceChance
SOCReassureLogical,Reassure with Logic,interactions2.json,False,0.8,False,IsGenius;IsObservant,IsCruel;IsOblivious;IsObtuse;IsTreacherous,3,us:Altruism- them:Security-,-21.0,-18.0,"{""Achievement"": -6.0, ""Altruism"": -6.0, ""SelfRespect"": -6.0}","{""Esteem"": -3.0, ""Family"": -6.0, ""Security"": -12.0}",
SOCReiterateUrgency,Reiterate Urgency,interactions2.json,False,0.4,False,IsAmbitious;IsCraven;IsDiligent;IsImpatient;IsLeader;IsPessimist,IsApathetic;IsComplacent;IsOblivious,0,them:Esteem+ them:SelfRespect+,15.0,-21.0,"{""Achievement"": -6.0, ""Altruism"": -3.0, ""Autonomy"": -6.0, ""Security"": -6.0}","{""Achievement"": 6.0, ""Altruism"": 3.0, ""Autonomy"": 3.0, ""Contact"": -3.0, ""Esteem"": -3.0, ""Family"": -3.0, ""Meaning"": 6.0, ""Security"": 6.0}",
SOCReminisce,Reminisce,interactions2.json,True,0.75,False,,,2,us:Intimacy- us:Privacy+,-18.0,-31.0,"{""Family"": -31.0, ""Meaning"": -6.0, ""Privacy"": 6.0}","{""Contact"": -6.0, ""Family"": -12.0, ""Meaning"": -3.0, ""Privacy"": 3.0}",RELAcquaintanceChance
SOCRepeatSexuallyAllow,"Repeat, Sexually",interactions2.json,False,,True,,,2,us:Intimacy- us:Privacy+,-21.0,0.0,{},"{""Esteem"": -3.0, ""Intimacy"": -12.0, ""SelfRespect"": -6.0}",
SOCRepeatSexuallyMen,"Repeat, Sexually",interactions_relationships.json,False,0.8,False,IsAmbitious;IsArrogant;IsBrave;IsComedian;IsGregarious;IsLeader;IsLustful;IsOptimist;IsRepulsive,IsAgliophobic;IsApathetic;IsCharismatic;IsChaste;IsComplacent;IsCraven;IsFollower;IsHumorless;IsPessimist;IsQuitter;IsShy,2,us:Intimacy- us:Privacy+,0.0,-21.0,"{""Achievement"": -3.0, ""Autonomy"": -6.0, ""Contact"": -6.0, ""Intimacy"": -6.0}",{},
SOCRepeatSexuallyNB,"Repeat, Sexually",interactions_relationships.json,False,0.8,False,IsAmbitious;IsArrogant;IsBrave;IsComedian;IsGregarious;IsLeader;IsLustful;IsOptimist;IsRepulsive,IsAgliophobic;IsApathetic;IsCharismatic;IsChaste;IsComplacent;IsCraven;IsFollower;IsHumorless;IsPessimist;IsQuitter;IsShy,2,us:Intimacy- us:Privacy+,0.0,-21.0,"{""Achievement"": -3.0, ""Autonomy"": -6.0, ""Contact"": -6.0, ""Intimacy"": -6.0}",{},
SOCRepeatSexuallyWomen,"Repeat, Sexually",interactions_relationships.json,False,0.8,False,IsAmbitious;IsArrogant;IsBrave;IsComedian;IsGregarious;IsLeader;IsLustful;IsOptimist;IsRepulsive,IsAgliophobic;IsApathetic;IsCharismatic;IsChaste;IsComplacent;IsCraven;IsFollower;IsHumorless;IsPessimist;IsQuitter;IsShy,2,us:Intimacy- us:Privacy+,0.0,-21.0,"{""Achievement"": -3.0, ""Autonomy"": -6.0, ""Contact"": -6.0, ""Intimacy"": -6.0}",{},
SOCReturnToSubject,Return to the Subject,interactions2.json,False,1.0,False,,,0,them:Esteem+ them:SelfRespect+,36.0,-6.0,"{""Autonomy"": -6.0}","{""Autonomy"": 12.0, ""SelfRespect"": 12.0, ""Privacy"": 12.0}",
SOCRollEyes,Roll Eyes,interactions2.json,False,0.75,False,IsArrogant;IsCruel;IsOblivious;IsSelfish,IsGregarious;IsHumble;IsKind;IsSelfless,0,them:Esteem+ them:SelfRespect+,18.0,-3.0,"{""Altruism"": 6.0, ""Contact"": -3.0, ""Esteem"": -3.0, ""Family"": 3.0, ""SelfRespect"": -6.0}","{""Family"": 6.0, ""Intimacy"": 6.0, ""SelfRespect"": 6.0}",
SOCScanRoom,Scan the Room,interactions_social_core.json,True,1.0,False,,,3,us:Altruism- them:Security-,0.0,0.0,"{""Security"": -6.0, ""SelfRespect"": 6.0}","{""Family"": 6.0, ""Security"": -6.0}",
SOCScoffSuperstition,Scoff,interactions2.json,False,0.75,False,IsApathetic;IsArrogant;IsBrave;IsComplacent;IsCruel;IsGenius;IsLoyal;IsOptimist;IsRepulsive;IsStubborn;IsTreacherous,IsAgliophobic;IsCraven;IsDiligent;IsFollower;IsHumble;IsKind;IsMasochist;IsObtuse;IsPessimist;IsPushover;IsShy;IsTrusting,0,them:Esteem+ them:SelfRespect+,15.0,-9.0,"{""Altruism"": 6.0, ""Autonomy"": -6.0, ""Security"": -6.0, ""Weird"": -3.0}","{""Esteem"": 6.0, ""Security"": 6.0, ""SelfRespect"": 6.0, ""Weird"": -3.0}",
SOCShareAnotherStory,Tell A Riveting Tale,interactions2.json,False,1.0,False,,,2,us:Intimacy- us:Privacy+,-37.0,-43.0,"{""Contact"": -31.0, ""Family"": -6.0, ""Meaning"": -6.0}","{""Contact"": -3.0, ""Family"": -6.0, ""Esteem"": -31.0, ""Privacy"": 6.0, ""SelfRespect"": -3.0}",RELAcquaintanceChance
SOCShootBreeze,Shoot the Breeze,interactions2.json,False,0.5,False,,IsImpatient,2,us:Intimacy- us:Privacy+,-24.0,-12.0,"{""Contact"": -12.0, ""Meaning"": -3.0, ""Privacy"": 3.0}","{""Contact"": -12.0, ""Esteem"": -3.0, ""Family"": -3.0, ""Intimacy"": -6.0}",RELAcquaintanceChance
SOCShowTrick,Show Trick,interactions2.json,True,0.125,False,IsComedian;IsGenius;IsGregarious;IsMasochist;IsObservant;IsObtuse,IsCruel;IsHumorless;IsOblivious,1,us:Esteem- us:Meaning-,-21.0,-9.0,"{""Contact"": -3.0, ""Esteem"": -12.0, ""SelfRespect"": 6.0}","{""Contact"": -3.0, ""Esteem"": -3.0, ""Family"": -6.0, ""Privacy"": -6.0, ""SelfRespect"": -3.0}",
SOCSlowClap,Slow Clap,interactions2.json,False,0.75,False,IsArrogant;IsCruel;IsHumorless;IsSelfish,IsFollower;IsGregarious;IsHumble;IsKind;IsPushover;IsSelfless;IsShy,0,them:Esteem+ them:SelfRespect+,27.0,0.0,"{""Altruism"": 6.0, ""Esteem"": -3.0, ""Family"": 3.0, ""SelfRespect"": -6.0}","{""Contact"": 3.0, ""Esteem"": 3.0, ""Family"": 12.0, ""Intimacy"": 3.0, ""SelfRespect"": 6.0}",
SOCSmackAround,Smack Around,interactions2.json,True,0.2,False,IsArrogant;IsCruel;IsRepulsive;IsTreacherous;IsVengeful,IsAgliophobic;IsApathetic;IsCharismatic;IsCraven;IsFollower;IsForgiving;IsGregarious;IsHumble;IsKind;IsPatient;IsPushover;IsShy,0,them:Esteem+ them:SelfRespect+,33.0,-3.0,"{""Altruism"": 12.0, ""Security"": -12.0, ""SelfRespect"": -3.0}","{""Autonomy"": 3.0, ""Esteem"": 3.0, ""Privacy"": 12.0, ""Security"": 12.0, ""SelfRespect"": 3.0}",
SOCSmackAroundLEO,Smack Around,interactions2.json,False,1.0,False,IsArrogant;IsCruel;IsRepulsive;IsTreacherous;IsVengeful,IsAgliophobic;IsApathetic;IsCharismatic;IsCraven;IsFollower;IsForgiving;IsGregarious;IsHumble;IsKind;IsPatient;IsPushover;IsShy,0,them:Esteem+ them:SelfRespect+,33.0,-3.0,"{""Altruism"": 12.0, ""Security"": -12.0, ""SelfRespect"": -3.0}","{""Autonomy"": 3.0, ""Esteem"": 3.0, ""Privacy"": 12.0, ""Security"": 12.0, ""SelfRespect"": 3.0}",
SOCSmileDemurely,Smile Demurely,interactions2.json,False,0.2,False,,,0,them:Esteem+ them:SelfRespect+,18.0,3.0,"{""Autonomy"": -3.0, ""Family"": 3.0, ""Intimacy"": 3.0}","{""Contact"": 3.0, ""Esteem"": 3.0, ""Family"": 6.0, ""Intimacy"": 6.0, ""Privacy"": -3.0, ""SelfRespect"": 3.0}",
SOCSmokeAccept,Accept Smoke,interactions2.json,False,1.0,False,IsFollower;IsGlutton;IsGregarious;IsPushover;IsSmoker;IsTrusting,IsFinicky;IsImpatient;IsOblivious;IsTemperate,2,us:Intimacy- us:Privacy+,-8.8,-8.8,"{""Contact"": -12.0, ""Family"": -3.0, ""Privacy"": 6.0, ""Hygiene"": 0.2}","{""Contact"": -12.0, ""Family"": -3.0, ""Privacy"": 6.0, ""Hygiene"": 0.2}",
SOCSmokeAcceptPlayer,Accept Smoke,interactions2.json,False,1.0,False,,IsTemperate,2,us:Intimacy- us:Privacy+,-8.8,-8.8,"{""Contact"": -12.0, ""Family"": -3.0, ""Privacy"": 6.0, ""Hygiene"": 0.2}","{""Contact"": -12.0, ""Family"": -3.0, ""Privacy"": 6.0, ""Hygiene"": 0.2}",
SOCSmokeBanterBreak,Chatty Smoke Break,interactions2.json,False,0.85,False,IsAmbitious;IsArrogant;IsBrave;IsCharismatic;IsComedian;IsGenius;IsGregarious;IsKind;IsLeader;IsObservant;IsOptimist,IsApathetic;IsHumorless;IsOblivious;IsObtuse;IsShy,2,us:Intimacy- us:Privacy+,-12.0,-18.0,"{""Contact"": -9.0, ""Esteem"": -6.0, ""Privacy"": 3.0, ""SelfRespect"": -6.0}","{""Contact"": -6.0, ""Esteem"": -3.0, ""Family"": -6.0, ""Privacy"": 3.0}",RELAcquaintanceChance
SOCSmokeCutShort,Cut Smoke Short,interactions2.json,False,0.75,False,IsArrogant;IsCruel;IsFinicky;IsImpatient;IsPessimist;IsSelfish;IsTreacherous;IsVengeful,IsFollower;IsForgiving;IsKind;IsOptimist;IsPushover;IsQuitter;IsSelfless;IsShy;IsTidy,0,them:Esteem+ them:SelfRespect+,15.0,-9.0,"{""Achievement"": -3.0, ""Altruism"": 3.0, ""Autonomy"": -3.0, ""Family"": 3.0, ""Privacy"": -6.0, ""SelfRespect"": -3.0}","{""Contact"": 3.0, ""Esteem"": 6.0, ""Family"": 6.0}",
SOCSmokeNotInterested,Not Interested,interactions2.json,False,1.0,False,,IsGlutton;IsGregarious;IsPushover,0,them:Esteem+ them:SelfRespect+,15.0,-12.0,"{""Achievement"": -3.0, ""Autonomy"": -6.0, ""SelfRespect"": -3.0}","{""Achievement"": 3.0, ""Esteem"": 3.0, ""Family"": 6.0, ""SelfRespect"": 3.0}",
SOCSmokeQuietBreak,Quiet Smoke Break,interactions2.json,False,1.0,False,IsApathetic;IsFollower;IsHumble;IsOblivious;IsObservant;IsObtuse;IsPatient;IsPushover;IsShy,IsArrogant;IsComedian;IsGregarious;IsImpatient;IsQuitter;IsRepulsive,2,us:Intimacy- us:Privacy+,-12.0,-15.0,"{""Contact"": -6.0, ""Esteem"": -3.0, ""Family"": -6.0, ""Privacy"": 3.0, ""SelfRespect"": -3.0}","{""Contact"": -6.0, ""Esteem"": -3.0, ""Family"": -6.0, ""Privacy"": 3.0}",RELAcquaintanceChance
SOCSmokeSaucyBreakAllow,Spicy Smoke Break,interactions2.json,False,,True,,,2,us:Intimacy- us:Privacy+,-12.0,0.0,{},"{""Contact"": -6.0, ""Intimacy"": -9.0, ""SelfRespect"": -6.0, ""Privacy"": 6.0, ""Esteem"": 3.0}",RELAcquaintanceChance
SOCSmokeSaucyBreakMan,Spicy Smoke Break,interactions_relationships.json,False,0.85,False,IsBeautiful;IsBrave;IsCharismatic;IsGregarious;IsLustful,IsChaste;IsOblivious;IsRepulsive;IsSuspicious,2,us:Intimacy- us:Privacy+,0.0,-12.0,"{""Contact"": -6.0, ""Intimacy"": -9.0, ""SelfRespect"": -6.0, ""Privacy"": 6.0, ""Esteem"": 3.0}",{},
SOCSmokeSaucyBreakNB,Spicy Smoke Break,interactions_relationships.json,False,0.85,False,IsBeautiful;IsBrave;IsCharismatic;IsGregarious;IsLustful,IsChaste;IsOblivious;IsRepulsive;IsSuspicious,2,us:Intimacy- us:Privacy+,0.0,-12.0,"{""Contact"": -6.0, ""Intimacy"": -9.0, ""SelfRespect"": -6.0, ""Privacy"": 6.0, ""Esteem"": 3.0}",{},
SOCSmokeSaucyBreakWoman,Spicy Smoke Break,interactions_relationships.json,False,0.85,False,IsBeautiful;IsBrave;IsCharismatic;IsGregarious;IsLustful,IsChaste;IsOblivious;IsRepulsive;IsSuspicious,2,us:Intimacy- us:Privacy+,0.0,-12.0,"{""Contact"": -6.0, ""Intimacy"": -9.0, ""SelfRespect"": -6.0, ""Privacy"": 6.0, ""Esteem"": 3.0}",{},
SOCSmokeStayQuiet,Stay Quiet,interactions2.json,False,1.0,False,,IsCharismatic;IsComedian;IsFinicky;IsGregarious;IsLeader,4,us:Meaning+ them:Meaning+,21.0,21.0,"{""Achievement"": 6.0, ""Esteem"": 3.0, ""Family"": 3.0, ""Privacy"": 6.0, ""SelfRespect"": 3.0}","{""Achievement"": 6.0, ""Esteem"": 3.0, ""Family"": 3.0, ""Privacy"": 6.0, ""SelfRespect"": 3.0}",
SOCSmokeWrongBrand,Wrong Brand of Smoke,interactions2.json,False,1.0,False,IsArrogant;IsFinicky;IsLoyal;IsPessimist;IsSelfish;IsStubborn,IsApathetic;IsFollower;IsGlutton;IsGregarious;IsOptimist;IsPushover;IsSelfless;IsTreacherous,0,them:Esteem+ them:SelfRespect+,15.0,-12.0,"{""Achievement"": -3.0, ""Autonomy"": -6.0, ""SelfRespect"": -3.0}","{""Achievement"": 3.0, ""Esteem"": 6.0, ""Family"": 3.0, ""SelfRespect"": 3.0}",
SOCSnub,Snub,interactions2.json,False,0.75,False,IsArrogant;IsCruel;IsOblivious;IsSelfish,IsGregarious;IsHumble;IsKind;IsSelfless,0,them:Esteem+ them:SelfRespect+,27.0,0.0,"{""Altruism"": 6.0, ""Esteem"": -3.0, ""Family"": 3.0, ""SelfRespect"": -6.0}","{""Altruism"": -3.0, ""Contact"": 3.0, ""Esteem"": 6.0, ""Family"": 12.0, ""Intimacy"": 3.0, ""Privacy"": 3.0, ""SelfRespect"": 3.0}",
SOCSnubEnemy1,Blow Them Off,interactions2.json,False,,True,,,0,them:Esteem+ them:SelfRespect+,28.0,-6.0,"{""Contact"": 6.0, ""Privacy"": -12.0}","{""Esteem"": 16.0, ""SelfRespect"": 6.0, ""Contact"": 6.0}",
SOCSobQuietly,Sob Quietly,interactions2.json,True,1.0,False,,,1,us:Esteem- us:Meaning-,0.0,-18.0,"{""Esteem"": -12.0, ""Family"": -6.0}",{},
SOCSooo,So...,interactions_social_core.json,True,1.0,False,,,7,us:Privacy- them:Achievement+,0.0,0.0,"{""Family"": 6.0, ""Privacy"": -6.0}","{""Altruism"": -6.0, ""Intimacy"": 6.0}",
SOCStopBurdening,Stop Burdening,interactions2.json,False,0.75,False,IsArrogant;IsCruel;IsImpatient;IsOblivious;IsRepulsive;IsSelfish;IsTreacherous;IsVengeful,IsCharismatic;IsFollower;IsForgiving;IsGregarious;IsHumble;IsKind;IsPatient;IsPushover;IsSelfless;IsShy,0,them:Esteem+ them:SelfRespect+,33.0,6.0,"{""Altruism"": 6.0, ""Family"": 6.0, ""SelfRespect"": -6.0}","{""Contact"": 3.0, ""Esteem"": 6.0, ""Family"": 3.0, ""Intimacy"": 3.0, ""Meaning"": 3.0, ""Privacy"": 3.0, ""SelfRespect"": 12.0}",
SOCTableTalkCont,Join Table,interactions2.json,False,1.0,False,IsAmbitious;IsBrave;IsCharismatic;IsComedian;IsGlutton;IsGregarious;IsKind;IsLeader;IsLustful;IsMasochist;IsOblivious;IsOptimist;IsSelfish;IsSelfless,IsCraven;IsFollower;IsPessimist;IsShy,2,us:Intimacy- us:Privacy+,0.0,-15.0,"{""Altruism"": -3.0, ""Autonomy"": 3.0, ""Esteem"": -3.0, ""Family"": -6.0, ""Intimacy"": -6.0, ""Meaning"": -3.0, ""Privacy"": 3.0}",{},
SOCTableTalkStart,Hang Out,interactions2.json,False,1.0,False,IsAmbitious;IsBrave;IsCharismatic;IsComedian;IsGlutton;IsGregarious;IsKind;IsLeader;IsLustful;IsMasochist;IsOblivious;IsOptimist;IsSelfish;IsSelfless,IsCraven;IsFollower;IsPessimist;IsShy,2,us:Intimacy- us:Privacy+,0.0,-27.0,"{""Altruism"": -6.0, ""Autonomy"": -3.0, ""Esteem"": -6.0, ""Family"": -3.0, ""Intimacy"": -6.0, ""Meaning"": -3.0}",{},
SOCTalkWeather,Talk About Weather,interactions_social_core.json,True,1.0,False,,,2,us:Intimacy- us:Privacy+,0.0,0.0,"{""Contact"": -6.0, ""Esteem"": 6.0}","{""Contact"": -6.0, ""Esteem"": 6.0}",
SOCTechJargon,Tech Jargon,interactions2.json,True,0.5,False,IsAmbitious;IsArrogant;IsDiligent;IsGenius;IsHumorless;IsOblivious,IsCharismatic;IsComplacent;IsHumble;IsObtuse;IsQuitter,0,them:Esteem+ them:SelfRespect+,18.0,-15.0,"{""Achievement"": -6.0, ""Esteem"": -6.0, ""Privacy"": 3.0, ""SelfRespect"": -6.0}","{""Achievement"": 6.0, ""Esteem"": 6.0, ""Privacy"": 6.0}",
SOCTechJargonOneUp,One-Up,interactions2.json,False,0.33,False,IsAmbitious;IsArrogant;IsCruel;IsFinicky;IsGenius;IsOblivious;IsRepulsive;IsVengeful,IsApathetic;IsCharismatic;IsComplacent;IsFollower;IsForgiving;IsHumble;IsObtuse;IsPushover;IsQuitter;IsShy,0,them:Esteem+ them:SelfRespect+,21.0,-18.0,"{""Achievement"": -6.0, ""Esteem"": -6.0, ""SelfRespect"": -6.0}","{""Achievement"": 3.0, ""Esteem"": 6.0, ""Privacy"": 6.0, ""SelfRespect"": 6.0}",
SOCTeleportThemTest,Arrest,interactions_social_core.json,True,1.0,False,,,-1,no-effect,0.0,0.0,{},{},
SOCTellSkill_TEMP,Talk About Skill TEMP,interactions2.json,False,1.0,False,,,1,us:Esteem- us:Meaning-,-3.0,-18.0,"{""Achievement"": -6.0, ""Esteem"": -6.0, ""Meaning"": -6.0, ""Privacy"": 3.0, ""SelfRespect"": -3.0}","{""Achievement"": -6.0, ""Contact"": -3.0, ""Esteem"": 3.0, ""Family"": -3.0, ""Privacy"": 3.0, ""SelfRespect"": 3.0}",
SOCThreatStepAside,Step Aside,interactions2.json,False,0.4,False,IsAgliophobic;IsApathetic;IsComplacent;IsCraven;IsFollower;IsHumble;IsPushover;IsQuitter;IsShy;IsTrusting,IsAmbitious;IsArrogant;IsBrave;IsLeader;IsMasochist;IsStubborn;IsVengeful,3,us:Altruism- them:Security-,-12.0,12.0,"{""Altruism"": -3.0, ""Autonomy"": 12.0, ""Esteem"": 3.0, ""Security"": -6.0, ""SelfRespect"": 6.0}","{""Altruism"": 6.0, ""Autonomy"": -6.0, ""Security"": -6.0, ""SelfRespect"": -6.0}",
SOCTradeFixerConvoAltruismFail,Tell Them to Fuck Off,interactions_fixer.json,False,1.0,False,,,3,us:Altruism- them:Security-,0.0,-48.0,"{""Altruism"": -48.0}",{},
SOCTradeFixerConvoCharm,Attempt to Charm the Fixer,interactions_fixer.json,False,1.0,False,,,-1,no-effect,0.0,0.0,{},{},
SOCTradeFixerConvoCharmResist,Resist Charm,interactions_fixer.json,False,1.0,False,,,-1,no-effect,0.0,0.0,{},{},
SOCTradeFixerConvoCharmResistPrefs,Resist Charm,interactions_fixer.json,False,1.0,True,,,-1,no-effect,0.0,0.0,{},{},
SOCTradeFixerConvoCharmSuccumbMan,Succumb to Charm,interactions_fixer.json,False,1.0,True,,,-1,no-effect,0.0,0.0,{},{},
SOCTradeFixerConvoCharmSuccumbNB,Succumb to Charm,interactions_fixer.json,False,1.0,True,,,-1,no-effect,0.0,0.0,{},{},
SOCTradeFixerConvoCharmSuccumbWoman,Succumb to Charm,interactions_fixer.json,False,1.0,True,,,-1,no-effect,0.0,0.0,{},{},
SOCTradeFixerConvoCompliment,Compliment Their Appearance,interactions_fixer.json,False,1.0,False,,,2,us:Intimacy- us:Privacy+,-12.0,0.0,{},"{""Intimacy"": -24.0, ""Privacy"": 12.0}",
SOCTradeFixerConvoCrackKnuckles,Crack Your Knuckles and Glare,interactions_fixer.json,False,1.0,False,,,0,them:Esteem+ them:SelfRespect+,36.0,0.0,{},"{""Security"": 24.0, ""Altruism"": 12.0}",
SOCTradeFixerConvoIntimidate,Threaten the Fixer with Violence,interactions_fixer.json,False,1.0,False,,,-1,no-effect,0.0,0.0,{},{},
SOCTradeFixerConvoIntimidateResist,Resist Intimidate,interactions_fixer.json,False,1.0,False,,,-1,no-effect,0.0,0.0,{},{},
SOCTradeFixerConvoIntimidateSuccumb,Succumb to Intimidate,interactions_fixer.json,False,1.0,False,,,-1,no-effect,0.0,0.0,{},{},
SOCTradeFixerConvoNameDropCrim,Name Drop Your Criminal Contact,interactions_fixer.json,False,,True,,,-1,no-effect,0.0,0.0,{},{},
SOCTradeFixerConvoNameDropCrimAllow,React to Criminal Name Drop,interactions_fixer.json,False,,True,,,-1,no-effect,0.0,0.0,{},{},
SOCTradeFixerConvoNameDropLEO,Name Drop Your Law Enforcement Contact,interactions_fixer.json,False,,True,,,-1,no-effect,0.0,0.0,{},{},
SOCTradeFixerConvoNameDropLEOAllow,React to Law Enforcement Name Drop,interactions_fixer.json,False,,True,,,-1,no-effect,0.0,0.0,{},{},
SOCTradeFixerConvoNameDropManager,Name Drop Your OKLG Manager Contact,interactions_fixer.json,False,,True,,,-1,no-effect,0.0,0.0,{},{},
SOCTradeFixerConvoNameDropManagerAllow,React to OKLG Manager Name Drop,interactions_fixer.json,False,,True,,,-1,no-effect,0.0,0.0,{},{},
SOCTradeFixerConvoPrivacyFail,Tell Them to Get Lost,interactions_fixer.json,False,1.0,False,,,7,us:Privacy- them:Achievement+,0.0,-48.0,"{""Privacy"": -48.0}",{},
SOCTradeFixerConvoStart,Blank Stare,interactions_fixer.json,False,1.0,False,,,-1,no-effect,0.0,0.0,{},{},
SOCTradeFixerConvoStartAngry,Acknowledge Them Angrily,interactions_fixer.json,False,1.0,True,,,-1,no-effect,0.0,0.0,{},{},
SOCTradeFixerConvoStartBusy,Acknowledge Them Busily,interactions_fixer.json,False,1.0,True,,,-1,no-effect,0.0,0.0,{},{},
SOCTradeFixerConvoStartCooldown,Blow them Off,interactions_fixer.json,False,1.0,False,,,-1,no-effect,0.0,0.0,{},{},
SOCTradeFixerRecognizeFriend,Recognize Friend/Contact,interactions_fixer.json,False,1.0,False,,,-1,no-effect,0.0,0.0,{},{},
SOCVenusStory,Venus Story,interactions2.json,True,1.0,True,,,-1,no-effect,0.0,0.0,{},{},
SOCWarnOff,Warn Off,interactions2.json,False,0.75,False,IsArrogant;IsImpatient;IsStubborn,IsForgiving;IsHumble;IsKind;IsPatient;IsPushover;IsQuitter;IsShy,0,them:Esteem+ them:SelfRespect+,21.0,-3.0,"{""Security"": -12.0, ""Autonomy"": -3.0, ""Esteem"": 3.0, ""Family"": 6.0, ""Privacy"": 3.0}","{""Autonomy"": 6.0, ""Esteem"": 6.0, ""Family"": 6.0, ""SelfRespect"": 3.0}",
SOCWarnSuperstition,Warn Superstition,interactions2.json,True,0.5,False,IsAgliophobic;IsAmbitious;IsArrogant;IsCraven;IsDiligent;IsFinicky;IsFollower;IsLoyal;IsObservant;IsObtuse;IsPessimist,IsApathetic;IsComplacent;IsHumble;IsOblivious;IsOptimist,0,them:Esteem+ them:SelfRespect+,18.0,-9.0,"{""Achievement"": -3.0, ""Altruism"": -6.0, ""Autonomy"": -3.0, ""Meaning"": 3.0, ""Privacy"": 6.0, ""Security"": -6.0, ""SelfRespect"": -3.0, ""Weird"": 3.0}","{""Autonomy"": 6.0, ""Contact"": -3.0, ""Esteem"": 3.0, ""Family"": -3.0, ""Meaning"": 6.0, ""Privacy"": 3.0, ""Security"": 6.0}",
SOCWhatsUp,Ask What's Up?,interactions2.json,True,1.0,False,IsCharismatic;IsComedian;IsGregarious;IsLeader;IsObservant,IsShy,2,us:Intimacy- us:Privacy+,-9.0,-3.0,"{""Contact"": -6.0, ""Privacy"": 3.0}","{""Contact"": -6.0, ""Esteem"": -3.0}",
SOCWhoCares,Who Cares?,interactions2.json,False,0.75,False,IsArrogant;IsCruel;IsHumorless;IsImpatient;IsLeader;IsObtuse;IsRepulsive,IsApathetic;IsCharismatic;IsDiligent;IsFollower;IsForgiving;IsHumble;IsKind;IsPatient;IsPushover;IsShy,0,them:Esteem+ them:SelfRespect+,24.0,-15.0,"{""Achievement"": -6.0, ""Altruism"": 3.0, ""Autonomy"": -3.0, ""Contact"": -3.0, ""Esteem"": -6.0}","{""Autonomy"": 12.0, ""Esteem"": 6.0, ""Family"": 3.0, ""SelfRespect"": 3.0}",
SOCWitnessCancel,Witness Cancel,interactions_social_relationships.json,False,,True,,,-1,no-effect,0.0,0.0,{},{},
SOCWriteHome,Write Home,interactions2.json,True,1.0,True,,,2,us:Intimacy- us:Privacy+,0.0,-6.0,"{""Achievement"": 3.0, ""Family"": -6.0, ""Privacy"": -3.0}",{},
SOCYawnInFace,Yawn In Face,interactions2.json,False,0.75,False,IsApathetic;IsArrogant;IsCruel;IsFinicky;IsGregarious;IsHumble;IsKind;IsPatient;IsShy,IsCharismatic;IsFollower;IsImpatient;IsRepulsive;IsTreacherous,0,them:Esteem+ them:SelfRespect+,21.0,3.0,"{""Altruism"": 6.0, ""Esteem"": -6.0, ""Family"": 6.0, ""SelfRespect"": -3.0}","{""Esteem"": 6.0, ""Family"": 6.0, ""Privacy"": 3.0, ""SelfRespect"": 6.0}",
SOCYay,Yay!,interactions2.json,False,0.6,False,IsComedian;IsForgiving;IsGregarious;IsKind;IsLeader;IsObtuse;IsOptimist,IsApathetic;IsArrogant;IsCruel;IsFinicky;IsHumorless;IsPessimist;IsShy,3,us:Altruism- them:Security-,-21.0,0.0,"{""Altruism"": -6.0, ""Privacy"": 6.0}","{""Achievement"": -3.0, ""Esteem"": -12.0, ""Family"": -6.0}",RELAcquaintanceChance
SOCYesSir,Yes Sir,interactions2.json,False,0.5,False,,IsLeader;IsTreacherous,3,us:Altruism- them:Security-,-24.0,-9.0,"{""Altruism"": -6.0, ""Autonomy"": 6.0, ""Family"": -3.0, ""Meaning"": -6.0}","{""Achievement"": -3.0, ""Autonomy"": -3.0, ""Esteem"": -6.0, ""Meaning"": -6.0, ""SelfRespect"": -6.0}",
SOCZoneOut,Zone Out,interactions2.json,False,0.7,False,IsApathetic;IsImpatient;IsOblivious;IsObtuse;IsSelfish,IsDiligent;IsFollower;IsGregarious;IsHumble;IsKind;IsLeader;IsObservant;IsPatient;IsPushover;IsSelfless,0,them:Esteem+ them:SelfRespect+,12.0,0.0,"{""Achievement"": 3.0, ""Altruism"": 3.0, ""Autonomy"": -3.0, ""Esteem"": 3.0, ""Meaning"": -3.0, ""Privacy"": -6.0, ""SelfRespect"": 3.0}","{""Esteem"": 6.0, ""SelfRespect"": 6.0}",
